# category, feature_name, length-scale
ProductionRule	ProductionRule_S->NP,VP,.,	0.977119935919462	
ProductionRule	ProductionRule_S->NP,VP,	0.9883347162950807	
ProductionRule	ProductionRule_SBAR->IN,S,	0.9917851338518411	
ProductionRule	ProductionRule_NP->JJ,NN,	0.9950166570362347	
ProductionRule	ProductionRule_NP->DT,NNS,	0.9962344045223425	
ProductionRule	ProductionRule_VP->VBG,NP,	0.9966968259776197	
ProductionRule	ProductionRule_VP->VBZ,SBAR,	0.9970378807979626	
ProductionRule	ProductionRule_SBAR->WHADVP,S,	0.9971628885133533	
ProductionRule	ProductionRule_NP->PRP$,NN,	0.9973528335598012	
ProductionRule	ProductionRule_VP->VBP,ADJP,	0.998265855334183	
ProductionRule	ProductionRule_VP->VBZ,NP,	0.9982818642852539	
ProductionRule	ProductionRule_ADJP->JJ,PP,	0.9984012924050738	
ProductionRule	ProductionRule_VP->VBP,S,	0.9984321488074441	
ProductionRule	ProductionRule_VP->MD,VP,	0.9985376385164757	
ProductionRule	ProductionRule_VP->VBP,VP,	0.9986197830562954	
ProductionRule	ProductionRule_PP->TO,NP,	0.9987949019019722	
ProductionRule	ProductionRule_VP->VB,SBAR,	0.9989062619449823	
ProductionRule	ProductionRule_VP->TO,VP,	0.9989176768532179	
ProductionRule	ProductionRule_NP->DT,ADJP,NN,	0.9989259577626932	
ProductionRule	ProductionRule_NP->NN,NNS,	0.9990437688660527	
ProductionRule	ProductionRule_ADJP->JJ,S,	0.9991110839222731	
ProductionRule	ProductionRule_ADJP->JJ,SBAR,	0.9991519525726196	
ProductionRule	ProductionRule_S->PP,NP,VP,.,	0.9991775194091452	
ProductionRule	ProductionRule_VP->VBD,NP,	0.9991835213853448	
ProductionRule	ProductionRule_VP->VB,PP,	0.9993044079717237	
ProductionRule	ProductionRule_ADJP->RB,JJ,	0.999308893883313	
ProductionRule	ProductionRule_VP->VBZ,PP,	0.9993805746068907	
ProductionRule	ProductionRule_PP->IN,S,	0.9994002070746733	
ProductionRule	ProductionRule_VP->VP,CC,VP,	0.9994214360144722	
ProductionRule	ProductionRule_VP->VBP,RB,VP,	0.9994475657734139	
ProductionRule	ProductionRule_VP->VBD,NP,S,	0.999447850799208	
ProductionRule	ProductionRule_NP->NP,PP,SBAR,	0.9994598801407653	
ProductionRule	ProductionRule_VP->VB,VP,	0.9994628582525937	
ProductionRule	ProductionRule_NP->NNP,CC,NNP,	0.9994731068821935	
ProductionRule	ProductionRule_VP->VBZ,ADJP,PP,	0.9994894723594194	
ProductionRule	ProductionRule_VP->VBZ,ADJP,	0.9994921427552546	
ProductionRule	ProductionRule_VP->VB,NP,SBAR,	0.999496952657646	
ProductionRule	ProductionRule_S->NP,ADVP,VP,	0.9995276134317825	
ProductionRule	ProductionRule_VP->VBZ,RB,NP,	0.9995819839542532	
ProductionRule	ProductionRule_NP->PRP$,JJ,NN,	0.9995870816487258	
ProductionRule	ProductionRule_VP->VBZ,RB,VP,	0.999592940216053	
ProductionRule	ProductionRule_VP->VBD,VP,	0.9996196510986085	
ProductionRule	ProductionRule_UCP->NP,CC,S,	0.9996519911698851	
ProductionRule	ProductionRule_S->NP,VP,:,	0.9996579377009913	
ProductionRule	ProductionRule_VP->VBZ,PP,SBAR,	0.9996634851282776	
ProductionRule	ProductionRule_VP->VB,RB,VP,	0.9996961605287794	
ProductionRule	ProductionRule_VP->VBP,NP,UCP,	0.9996961605287794	
ProductionRule	ProductionRule_ADVP->JJR,IN,	0.9996961605287794	
ProductionRule	ProductionRule_S->FRAG,:,S,.,	0.9996961605287794	
ProductionRule	ProductionRule_NP->CD,JJR,NN,	0.9996961605287794	
ProductionRule	ProductionRule_FRAG->ADJP,,,NP,	0.9996961605287794	
ProductionRule	ProductionRule_NP->DT,JJ,NNS,	0.9996962534600513	
ProductionRule	ProductionRule_VP->MD,RB,	0.9997013546407114	
ProductionRule	ProductionRule_ADJP->ADVP,JJ,	0.9997151968507063	
ProductionRule	ProductionRule_NP->NNP,NNP,	0.9997332957860472	
ProductionRule	ProductionRule_NP->NP,S,	0.9997396866059362	
ProductionRule	ProductionRule_NP->NN,NNP,NNP,	0.999740342142643	
ProductionRule	ProductionRule_ADJP->ADJP,SBAR,	0.999757383641389	
ProductionRule	ProductionRule_NP->DT,JJ,JJ,NN,	0.999764482799956	
ProductionRule	ProductionRule_NP->ADJP,NNS,	0.9997662953140392	
ProductionRule	ProductionRule_VP->VBN,NP,	0.9997726702475653	
ProductionRule	ProductionRule_NP->JJR,NNS,	0.9997828978300569	
ProductionRule	ProductionRule_VP->VBZ,ADJP,NP,	0.9997856772096909	
ProductionRule	ProductionRule_PP->IN,SBAR,	0.9997879664213487	
ProductionRule	ProductionRule_VP->VBP,NP,	0.9997942169153813	
ProductionRule	ProductionRule_VP->VB,NP,PP,	0.9998003391815058	
ProductionRule	ProductionRule_NP->DT,NN,NN,	0.9998054738510744	
ProductionRule	ProductionRule_VP->VBG,PP,	0.9998150293324153	
ProductionRule	ProductionRule_NP->NP,PP,PP,	0.9998191312067328	
ProductionRule	ProductionRule_NP->NN,POS,	0.9998197395952859	
ProductionRule	ProductionRule_NP->DT,JJS,NN,	0.999827329135037	
ProductionRule	ProductionRule_VP->VB,ADVP,	0.9998339530477723	
ProductionRule	ProductionRule_VP->VBZ,ADJP,SBAR,	0.9998355539135557	
ProductionRule	ProductionRule_S->ADVP,NP,VP,.,	0.9998400215611676	
ProductionRule	ProductionRule_SINV->MD,NP,VP,	0.9998418120701908	
ProductionRule	ProductionRule_NP->QP,NN,	0.9998478239019853	
ProductionRule	ProductionRule_S->NP,ADVP,VP,.,	0.9998493100801198	
ProductionRule	ProductionRule_NP->PRP$,NNS,	0.9998503280459289	
ProductionRule	ProductionRule_VP->VB,PP,SBAR,	0.9998508090748881	
ProductionRule	ProductionRule_NP->JJR,NN,	0.9998526866133778	
ProductionRule	ProductionRule_VP->VBP,PRT,SBAR,	0.9998569191059815	
ProductionRule	ProductionRule_S->S,S,S,S,	0.9998569191059815	
ProductionRule	ProductionRule_VP->VBN,VP,	0.9998576229417238	
ProductionRule	ProductionRule_NP->PRP$,JJR,	0.9998604506525453	
ProductionRule	ProductionRule_NP->FW,FW,	0.9998607399156123	
ProductionRule	ProductionRule_VP->VBN,PP,	0.9998607839039073	
ProductionRule	ProductionRule_ADJP->ADJP,PP,	0.9998610707085316	
ProductionRule	ProductionRule_VP->VB,NP,ADVP,S,	0.9998682104692472	
ProductionRule	ProductionRule_S->S,VP,	0.9998690118490483	
ProductionRule	ProductionRule_PP->JJ,IN,NP,	0.9998739727913705	
ProductionRule	ProductionRule_NP->NP,ADVP,	0.9998744071827496	
ProductionRule	ProductionRule_SBAR->IN,IN,S,	0.9998748153374211	
ProductionRule	ProductionRule_VP->VB,NP,ADVP,	0.9998777166379378	
ProductionRule	ProductionRule_VP->VBN,ADVP,	0.9998781647648517	
ProductionRule	ProductionRule_NP->DT,JJR,NN,	0.9998803864271316	
ProductionRule	ProductionRule_PP->IN,PP,	0.9998833431191907	
ProductionRule	ProductionRule_NP->DT,JJS,JJ,NN,	0.9998834491999956	
ProductionRule	ProductionRule_VP->VB,NP,PP,SBAR,	0.9998864587068848	
ProductionRule	ProductionRule_S->NP,ADVP,	0.9998870922532147	
ProductionRule	ProductionRule_ADVP->ADVP,PP,	0.9998875818294435	
ProductionRule	ProductionRule_S->PP,,,NP,VP,.,	0.9998883427992507	
ProductionRule	ProductionRule_VP->VBP,PP,	0.999892895180925	
ProductionRule	ProductionRule_SBAR->SBAR,,,SBAR,	0.9998930064823564	
ProductionRule	ProductionRule_ADVP->RB,RB,	0.9998942364443707	
ProductionRule	ProductionRule_VP->VB,NP,NP,	0.9998954427324801	
ProductionRule	ProductionRule_NP->ADJP,NN,NN,	0.999897341828151	
ProductionRule	ProductionRule_ADJP->JJS,NN,	0.999897341828151	
ProductionRule	ProductionRule_NP->NP,PP,PP,.,	0.999897341828151	
ProductionRule	ProductionRule_VP->VBP,ADVP,VP,	0.9998974267078381	
ProductionRule	ProductionRule_S->S,,,CC,S,	0.9998975910041228	
ProductionRule	ProductionRule_VP->VBD,PP,S,	0.9998979707936172	
ProductionRule	ProductionRule_NP->NP,CC,RB,	0.9998984850141165	
ProductionRule	ProductionRule_VP->VP,,,CC,VP,	0.9999004322560057	
ProductionRule	ProductionRule_S->S,VP,.,	0.999903816640583	
ProductionRule	ProductionRule_NP->DT,NNP,NNP,NNP,	0.9999043440976971	
ProductionRule	ProductionRule_S->PP,,,NP,VP,	0.9999047219726215	
ProductionRule	ProductionRule_SBAR->ADVP,IN,S,	0.9999049584761052	
ProductionRule	ProductionRule_NP->CD,NN,	0.9999054444954248	
ProductionRule	ProductionRule_ADJP->RB,JJR,	0.9999063609058385	
ProductionRule	ProductionRule_NP->DT,NN,NNS,	0.9999069260118851	
ProductionRule	ProductionRule_S->SBAR,,,NP,VP,	0.9999077494203366	
ProductionRule	ProductionRule_NP->JJ,JJ,NN,	0.9999086635701344	
ProductionRule	ProductionRule_S->S,:,S,.,	0.9999101408673592	
ProductionRule	ProductionRule_SINV->VBZ,NP,	0.9999106092290001	
ProductionRule	ProductionRule_NP->WDT,NN,	0.9999106092290001	
ProductionRule	ProductionRule_VP->VB,NP,,,PP,	0.9999120272655617	
ProductionRule	ProductionRule_NP->VBG,NNS,	0.9999125817068268	
ProductionRule	ProductionRule_VP->MD,ADVP,VP,	0.9999145268713843	
ProductionRule	ProductionRule_ADJP->ADJP,ADVP,	0.9999156053429699	
ProductionRule	ProductionRule_NP->NP,,,VP,	0.999916643737954	
ProductionRule	ProductionRule_VP->VBD,NP,NP,	0.9999167578238755	
ProductionRule	ProductionRule_VP->ADVP,VBN,	0.9999169938115461	
ProductionRule	ProductionRule_ADJP->ADVP,JJ,CC,JJ,	0.9999195022291081	
ProductionRule	ProductionRule_ADJP->RBS,JJ,	0.9999205247057944	
ProductionRule	ProductionRule_ADJP->RBR,JJ,	0.9999211200608151	
ProductionRule	ProductionRule_VP->VBZ,RB,ADJP,	0.9999217308414176	
ProductionRule	ProductionRule_SBAR->SBAR,,,CC,SBAR,	0.9999232085879705	
ProductionRule	ProductionRule_VP->VBP,NP,PP,	0.9999234823899841	
ProductionRule	ProductionRule_SBARQ->WHADVP,SQ,.,	0.999923811233462	
ProductionRule	ProductionRule_NP->NP,CC,NP,	0.9999246809325604	
ProductionRule	ProductionRule_NP->JJ,NNP,	0.9999271725380909	
ProductionRule	ProductionRule_NP->DT,JJ,JJ,NNS,	0.999927463483368	
ProductionRule	ProductionRule_ADJP->RB,JJ,PP,	0.9999281965737451	
ProductionRule	ProductionRule_VP->VBP,S,SBAR,	0.9999283471146695	
ProductionRule	ProductionRule_VP->VBN,S,	0.9999285377180328	
ProductionRule	ProductionRule_VP->VBZ,NP,ADVP,	0.9999286799731963	
ProductionRule	ProductionRule_NP->DT,JJ,NN,CC,NN,	0.9999291755373981	
ProductionRule	ProductionRule_NP->DT,JJ,	0.9999291901409816	
ProductionRule	ProductionRule_VP->VBP,ADVP,PP,	0.9999297280853412	
ProductionRule	ProductionRule_SBARQ->WHNP,SQ,	0.9999298464685132	
ProductionRule	ProductionRule_ADJP->ADJP,CC,ADJP,	0.9999312081410405	
ProductionRule	ProductionRule_PP->ADVP,IN,NP,	0.999931651947074	
ProductionRule	ProductionRule_ADVP->DT,RBR,	0.9999318830179584	
ProductionRule	ProductionRule_VP->VBD,ADJP,SBAR,	0.9999324265028499	
ProductionRule	ProductionRule_VP->RB,VP,	0.99993287769063	
ProductionRule	ProductionRule_VP->VBG,S,	0.9999330597783367	
ProductionRule	ProductionRule_VP->VB,PRT,	0.9999330785297726	
ProductionRule	ProductionRule_NP->DT,NN,JJ,	0.999933468451134	
ProductionRule	ProductionRule_NP->DT,NN,SBAR,	0.9999339162716249	
ProductionRule	ProductionRule_VP->VP,CC,VP,SBAR,	0.9999346519885733	
ProductionRule	ProductionRule_S->SBAR,NP,VP,.,	0.9999358568451429	
ProductionRule	ProductionRule_NP->DT,NN,CC,NNS,	0.9999359941266089	
ProductionRule	ProductionRule_VP->JJ,NP,NP,	0.9999359941266089	
ProductionRule	ProductionRule_PP->IN,FRAG,	0.999936109539784	
ProductionRule	ProductionRule_NP->PDT,DT,NNS,	0.999936280804431	
ProductionRule	ProductionRule_S->S,CC,S,.,	0.9999366455736819	
ProductionRule	ProductionRule_SQ->MD,NP,VP,	0.999936708073647	
ProductionRule	ProductionRule_NP->JJ,NN,NN,NN,	0.9999370741164965	
ProductionRule	ProductionRule_SBAR->WHPP,S,	0.9999375013255326	
ProductionRule	ProductionRule_WHPP->IN,WHNP,	0.9999375013255326	
ProductionRule	ProductionRule_NP->NP,ADJP,	0.9999375450820238	
ProductionRule	ProductionRule_NP->NP,CD,NNS,	0.9999378157786658	
ProductionRule	ProductionRule_NP->NP,,,CC,NP,,,	0.9999378157786658	
ProductionRule	ProductionRule_NP->DT,JJ,CD,NNS,	0.9999378868792116	
ProductionRule	ProductionRule_QP->RB,CD,	0.9999395908706795	
ProductionRule	ProductionRule_VP->VBD,RB,VP,	0.9999396956773985	
ProductionRule	ProductionRule_ADVP->IN,JJS,	0.9999400499741901	
ProductionRule	ProductionRule_VP->VBP,RB,ADJP,	0.9999406738663736	
ProductionRule	ProductionRule_VP->VB,ADVP,S,	0.9999407591525792	
ProductionRule	ProductionRule_S->NP,DT,VP,	0.9999409833652114	
ProductionRule	ProductionRule_VP->VBZ,ADVP,PP,	0.9999409833652114	
ProductionRule	ProductionRule_VP->VBP,NP,PRT,	0.9999409833652114	
ProductionRule	ProductionRule_NP->NN,CD,NN,	0.9999417810929913	
ProductionRule	ProductionRule_VP->VBZ,NP,:,FRAG,	0.9999417810929913	
ProductionRule	ProductionRule_VP->VBG,NP,NP,	0.9999425684801888	
ProductionRule	ProductionRule_NP->NP,,,NP,,,	0.9999425684801888	
ProductionRule	ProductionRule_VP->VP,VP,	0.9999428863214932	
ProductionRule	ProductionRule_VP->VB,PP,ADVP,	0.9999435629398175	
ProductionRule	ProductionRule_NP->DT,NNPS,	0.9999436601144135	
ProductionRule	ProductionRule_VP->VBG,ADJP,ADVP,	0.9999439070792766	
ProductionRule	ProductionRule_VP->VBP,ADJP,SBAR,	0.9999445513464778	
ProductionRule	ProductionRule_VP->VBD,PP,	0.999944572228641	
ProductionRule	ProductionRule_CONJP->RB,IN,	0.9999450865106152	
ProductionRule	ProductionRule_NP->DT,CD,NNS,	0.9999451694382591	
ProductionRule	ProductionRule_NP->DT,NNS,POS,	0.9999465496730877	
ProductionRule	ProductionRule_VP->VBZ,RB,	0.9999466205720722	
ProductionRule	ProductionRule_NP->DT,NN,.,	0.9999467006550565	
ProductionRule	ProductionRule_NP->NP,CC,ADVP,NP,	0.9999467452254119	
ProductionRule	ProductionRule_NP->CD,NNS,	0.9999470870308927	
ProductionRule	ProductionRule_VP->VB,PP,PP,	0.9999484080096426	
ProductionRule	ProductionRule_S->SBAR,S,CC,S,	0.9999493639434084	
ProductionRule	ProductionRule_VP->VP,,,NP,	0.9999494083178015	
ProductionRule	ProductionRule_VP->VBP,ADVP,	0.999949783185668	
ProductionRule	ProductionRule_SBAR->ADVP,WHADVP,S,	0.9999505560980804	
ProductionRule	ProductionRule_ADJP->FW,FW,	0.9999506189103344	
ProductionRule	ProductionRule_ADVP->NP,JJR,	0.9999512083375288	
ProductionRule	ProductionRule_S->S,,,S,.,	0.9999513310820077	
ProductionRule	ProductionRule_NP->NNP,NN,	0.9999516113667044	
ProductionRule	ProductionRule_S->NP,NP,	0.9999516938677301	
ProductionRule	ProductionRule_VP->JJ,NP,	0.9999517424121483	
ProductionRule	ProductionRule_VP->VB,NP,S,	0.999952391747599	
ProductionRule	ProductionRule_NP->DT,NN,S,	0.99995253237139	
ProductionRule	ProductionRule_ADJP->RB,VBN,	0.9999526950208231	
ProductionRule	ProductionRule_S->S,:,SQ,.,	0.9999526950208231	
ProductionRule	ProductionRule_S->IN,NP,VP,.,	0.9999529414235854	
ProductionRule	ProductionRule_NP->NNS,SBAR,	0.9999529414235854	
ProductionRule	ProductionRule_VP->ADVP,VBN,PRT,PP,	0.9999529414235854	
ProductionRule	ProductionRule_S->SBAR,,,S,,,CC,S,.,	0.9999532221232199	
ProductionRule	ProductionRule_VP->VBN,NP,ADVP,,,S,	0.9999532221232199	
ProductionRule	ProductionRule_NP->DT,JJ,NNP,	0.9999532755831104	
ProductionRule	ProductionRule_SBAR->ADVP,WHNP,S,.,	0.999953347725915	
ProductionRule	ProductionRule_S->ADVP,,,NP,VP,.,	0.9999536268730017	
ProductionRule	ProductionRule_PP->VBG,PP,	0.9999537377155407	
ProductionRule	ProductionRule_VP->VB,NP,PP,PP,	0.9999541451359587	
ProductionRule	ProductionRule_NP->NN,JJ,NN,	0.9999541563827401	
ProductionRule	ProductionRule_VP->VB,CC,VB,NP,	0.9999545006071079	
ProductionRule	ProductionRule_PP->IN,IN,NP,	0.9999551891535633	
ProductionRule	ProductionRule_S->S,,,NP,VP,.,	0.9999561213625888	
ProductionRule	ProductionRule_ADJP->RB,RBR,JJ,	0.999956438889042	
ProductionRule	ProductionRule_FRAG->ADVP,SBAR,.,	0.999956438889042	
ProductionRule	ProductionRule_ADJP->RB,JJ,SBAR,	0.9999567810034475	
ProductionRule	ProductionRule_ADJP->JJ,CC,JJ,	0.9999568574292217	
ProductionRule	ProductionRule_S->SBAR,,,NP,ADVP,VP,.,	0.9999572386459354	
ProductionRule	ProductionRule_S->NP,ADVP,NP,VP,	0.999957624339101	
ProductionRule	ProductionRule_SBAR->SBAR,CC,SBAR,	0.9999578558756548	
ProductionRule	ProductionRule_PRN->,,S,,,	0.9999581380441083	
ProductionRule	ProductionRule_VP->VB,NP,PRT,PP,	0.9999581474626433	
ProductionRule	ProductionRule_VP->VBP,ADJP,,,SBAR,	0.9999583834974046	
ProductionRule	ProductionRule_INTJ->UH,.,	0.9999583918180303	
ProductionRule	ProductionRule_NP->NP,,,NP,,,NP,,,NP,,,CC,ADVP,NP,	0.9999589953904442	
ProductionRule	ProductionRule_NP->NNP,NNP,NNP,NNP,NNP,NNP,	0.9999590150885354	
ProductionRule	ProductionRule_NP->DT,CD,NN,NN,	0.9999590415785757	
ProductionRule	ProductionRule_VP->VBZ,ADVP,VP,	0.9999594560093892	
ProductionRule	ProductionRule_PP->RB,IN,S,	0.999959812364357	
ProductionRule	ProductionRule_NP->NP,,,ADVP,NP,	0.9999599036194178	
ProductionRule	ProductionRule_VP->VBD,NP,ADVP,	0.9999608701319274	
ProductionRule	ProductionRule_FRAG->NP,SBAR,	0.9999610078583459	
ProductionRule	ProductionRule_NP->DT,S,	0.9999610479633191	
ProductionRule	ProductionRule_VP->ADVP,VBD,PP,	0.9999611548064582	
ProductionRule	ProductionRule_WHADVP->RB,WRB,	0.999961522772286	
ProductionRule	ProductionRule_NP->RB,CD,NN,	0.9999615363551774	
ProductionRule	ProductionRule_VP->VB,NP,,,SBAR,	0.9999617907245737	
ProductionRule	ProductionRule_NP->DT,JJ,NN,NNS,	0.9999621207449548	
ProductionRule	ProductionRule_VP->VBN,NP,PP,	0.9999622414587026	
ProductionRule	ProductionRule_VP->VBN,NP,SBAR,	0.9999622658878016	
ProductionRule	ProductionRule_VP->VBG,PP,SBAR,	0.9999623437031456	
ProductionRule	ProductionRule_NP->JJ,VBG,	0.9999628497816779	
ProductionRule	ProductionRule_VP->VB,PP,NP,	0.9999628683146591	
ProductionRule	ProductionRule_S->CC,NP,VP,	0.9999633380343305	
ProductionRule	ProductionRule_VP->VBG,ADJP,	0.9999634445338252	
ProductionRule	ProductionRule_S->PP,VP,	0.9999634545300694	
ProductionRule	ProductionRule_VP->VBZ,ADVP,RB,VP,	0.9999635934446639	
ProductionRule	ProductionRule_NP->NP,:,SBARQ,	0.9999635934446639	
ProductionRule	ProductionRule_ADJP->VBN,PP,	0.9999638017914494	
ProductionRule	ProductionRule_VP->MD,CC,MD,RB,VP,	0.9999638965714114	
ProductionRule	ProductionRule_S->INTJ,,,NP,VP,.,	0.999964195976658	
ProductionRule	ProductionRule_VP->VBD,ADVP,PP,	0.9999643382744223	
ProductionRule	ProductionRule_NP->FW,FW,FW,	0.9999643666268911	
ProductionRule	ProductionRule_VP->VB,ADJP,PP,	0.9999647323568774	
ProductionRule	ProductionRule_RRC->ADVP,NP,	0.9999647346755433	
ProductionRule	ProductionRule_FRAG->NP,,,SBAR,.,	0.9999650641908367	
ProductionRule	ProductionRule_NP->PRP$,JJ,	0.9999651778082834	
ProductionRule	ProductionRule_NP->NN,RB,	0.9999652836590089	
ProductionRule	ProductionRule_NP->DT,NNP,NNP,	0.9999655401312137	
ProductionRule	ProductionRule_VP->VB,ADJP,,,SBAR,	0.9999656176513998	
ProductionRule	ProductionRule_VP->ADVP,NP,SBAR,	0.9999656176513998	
ProductionRule	ProductionRule_NP->DT,VBN,NNS,	0.9999656176513998	
ProductionRule	ProductionRule_NP->RB,JJ,NN,	0.9999656268269164	
ProductionRule	ProductionRule_NP->NP,SBAR,PP,	0.9999656268269164	
ProductionRule	ProductionRule_UCP->NP,CC,ADJP,	0.9999656268269164	
ProductionRule	ProductionRule_VP->VBN,PP,SBAR,	0.9999657091021223	
ProductionRule	ProductionRule_NP->NP,SBAR,SBAR,	0.9999659893269891	
ProductionRule	ProductionRule_VP->VBP,RB,ADVP,VP,	0.9999660896227148	
ProductionRule	ProductionRule_NP->NP,ADJP,POS,	0.9999661098894437	
ProductionRule	ProductionRule_VP->VBZ,UCP,	0.9999663467834431	
ProductionRule	ProductionRule_ADJP->JJR,PP,	0.9999664717509177	
ProductionRule	ProductionRule_VP->VBD,ADVP,S,	0.9999667005713437	
ProductionRule	ProductionRule_NP->JJ,NN,CC,NN,	0.9999669070948702	
ProductionRule	ProductionRule_VP->VBZ,ADJP,PP,PP,S,	0.9999671069449905	
ProductionRule	ProductionRule_VP->VBZ,NP,SBAR,	0.999967335893731	
ProductionRule	ProductionRule_NP->CC,NN,	0.9999674821024724	
ProductionRule	ProductionRule_NP->PDT,DT,NN,NN,	0.9999682195223152	
ProductionRule	ProductionRule_S->``,NP,VP,.,'',	0.9999684326027776	
ProductionRule	ProductionRule_S->NP,ADJP,SBAR,	0.9999684828463684	
ProductionRule	ProductionRule_SQ->VBP,NP,VP,	0.9999690354221213	
ProductionRule	ProductionRule_WHNP->WHNP,ADJP,	0.9999690658040439	
ProductionRule	ProductionRule_VP->VBZ,,,``,SBAR,	0.9999690658040439	
ProductionRule	ProductionRule_ADVP->DT,JJR,	0.9999690924134722	
ProductionRule	ProductionRule_FRAG->ADVP,SBAR,	0.9999690924134722	
ProductionRule	ProductionRule_NP->DT,ADJP,NNS,	0.9999693635834717	
ProductionRule	ProductionRule_PP->IN,``,SBARQ,'',	0.9999693803144527	
ProductionRule	ProductionRule_S->SBAR,,,NP,VP,.,	0.9999695717095657	
ProductionRule	ProductionRule_NP->NP,ADJP,.,	0.9999695995077552	
ProductionRule	ProductionRule_NP->NP,UCP,	0.9999697856696909	
ProductionRule	ProductionRule_VP->VBD,NP,ADVP,S,	0.9999702492320678	
ProductionRule	ProductionRule_VP->VBZ,ADVP,ADJP,SBAR,	0.9999702492320678	
ProductionRule	ProductionRule_VP->VBN,S,ADVP,	0.9999702492320678	
ProductionRule	ProductionRule_VP->VBZ,S,SBAR,	0.999970497120723	
ProductionRule	ProductionRule_NP->NN,CD,	0.9999705696029789	
ProductionRule	ProductionRule_VP->VBG,VP,	0.9999707959713389	
ProductionRule	ProductionRule_UCP->NP,CC,PP,	0.9999708321674012	
ProductionRule	ProductionRule_NP->JJ,JJ,NNS,	0.9999709964665648	
ProductionRule	ProductionRule_S->SBAR,,,ADVP,NP,VP,.,	0.9999711345226379	
ProductionRule	ProductionRule_SQ->VBZ,NP,ADVP,.,'',	0.9999712679372517	
ProductionRule	ProductionRule_SBAR->RB,IN,S,	0.9999715335627719	
ProductionRule	ProductionRule_NP->JJ,NN,NN,NNS,	0.9999716001988593	
ProductionRule	ProductionRule_NP->PRP$,NP,	0.9999716392664363	
ProductionRule	ProductionRule_S->S,CC,S,,,SBAR,.,	0.9999716818896465	
ProductionRule	ProductionRule_WHNP->WHNP,PP,	0.9999718532597124	
ProductionRule	ProductionRule_VP->VBD,ADJP,ADVP,NP,	0.9999718837992557	
ProductionRule	ProductionRule_S->NP,,,NP,VP,.,	0.9999719487865217	
ProductionRule	ProductionRule_SQ->VBZ,ADVP,	0.9999722243158937	
ProductionRule	ProductionRule_ADVP->RB,.,	0.9999722243158937	
ProductionRule	ProductionRule_VP->VBG,,,ADVP,FRAG,	0.9999727808401075	
ProductionRule	ProductionRule_NP->NP,,,PP,	0.9999729089309646	
ProductionRule	ProductionRule_CONJP->IN,RB,	0.9999729116232053	
ProductionRule	ProductionRule_S->NP,ADJP,.,	0.9999729810526542	
ProductionRule	ProductionRule_S->NP,,,VP,.,	0.9999730464484198	
ProductionRule	ProductionRule_S->VP,VP,	0.9999732654190897	
ProductionRule	ProductionRule_PP->IN,ADJP,	0.9999734071993389	
ProductionRule	ProductionRule_NP->JJS,NNS,	0.9999734072631039	
ProductionRule	ProductionRule_NP->NP,,,SBAR,	0.9999735421747138	
ProductionRule	ProductionRule_PP->IN,UCP,	0.9999735593217587	
ProductionRule	ProductionRule_SQ->VBZ,NP,	0.9999737669906346	
ProductionRule	ProductionRule_VP->VBP,RB,NP,	0.9999738633979153	
ProductionRule	ProductionRule_NP->NP,.,	0.9999739363642443	
ProductionRule	ProductionRule_ADVP->RBR,PP,	0.9999739426751624	
ProductionRule	ProductionRule_VP->VBP,S,,,SBAR,	0.9999740775405884	
ProductionRule	ProductionRule_VP->VB,NP,PP,,,SBAR,	0.9999741065971671	
ProductionRule	ProductionRule_NP->JJ,CC,JJ,NNS,	0.9999743444427904	
ProductionRule	ProductionRule_VP->VP,CONJP,VP,	0.9999747305720323	
ProductionRule	ProductionRule_NP->JJ,NN,SBAR,	0.9999747415181706	
ProductionRule	ProductionRule_ADVP->ADVP,S,	0.9999749100088927	
ProductionRule	ProductionRule_VP->VBG,PRT,S,	0.9999750230777051	
ProductionRule	ProductionRule_SBAR->SBAR,:,SBAR,	0.9999750230777051	
ProductionRule	ProductionRule_S->NP,NP,S,	0.9999751183062298	
ProductionRule	ProductionRule_ADVP->DT,PP,	0.9999751183062298	
ProductionRule	ProductionRule_S->NP,NP,VP,	0.9999754056014096	
ProductionRule	ProductionRule_VP->VBD,ADJP,PP,	0.9999755113660319	
ProductionRule	ProductionRule_S->PRN,NP,ADVP,VP,	0.9999755514402153	
ProductionRule	ProductionRule_VP->VBD,SBAR,	0.9999755820699645	
ProductionRule	ProductionRule_VP->VBN,UCP,	0.9999758005578003	
ProductionRule	ProductionRule_ADVP->RB,TO,RB,	0.9999758005578003	
ProductionRule	ProductionRule_VP->PP,ADVP,	0.9999758005578003	
ProductionRule	ProductionRule_NP->NN,.,	0.9999760191516358	
ProductionRule	ProductionRule_VP->VB,S,PP,	0.9999760366116522	
ProductionRule	ProductionRule_VP->VB,NP,,,UCP,	0.9999761394413504	
ProductionRule	ProductionRule_VP->VBD,PP,:,S,	0.9999761698693697	
ProductionRule	ProductionRule_S->INTJ,NP,VP,	0.9999762502065129	
ProductionRule	ProductionRule_NP->PRP$,NN,POS,	0.9999763656440009	
ProductionRule	ProductionRule_PP->IN,``,NP,	0.9999768437917178	
ProductionRule	ProductionRule_NP->FW,FW,FW,FW,FW,	0.9999771825294508	
ProductionRule	ProductionRule_UCP->VP,CC,ADJP,	0.9999773748667753	
ProductionRule	ProductionRule_S->NP,,,VP,	0.9999775468549308	
ProductionRule	ProductionRule_WHADVP->WRB,NP,	0.9999776560766701	
ProductionRule	ProductionRule_VP->VB,S,SBAR,	0.9999782037826375	
ProductionRule	ProductionRule_ADJP->JJ,'',	0.999978691916594	
ProductionRule	ProductionRule_VP->VBD,NP,PP,,,S,	0.999978691916594	
ProductionRule	ProductionRule_NP->DT,CD,	0.9999787466762508	
ProductionRule	ProductionRule_FRAG->WHNP,.,	0.9999787977696688	
ProductionRule	ProductionRule_NP->PRP$,JJ,JJ,NN,	0.9999788302378437	
ProductionRule	ProductionRule_NP->NNP,NNS,	0.9999788998818675	
ProductionRule	ProductionRule_FRAG->NP,.,	0.9999792849499753	
ProductionRule	ProductionRule_NP->NP,:,NP,	0.9999793953218269	
ProductionRule	ProductionRule_VP->VB,ADJP,PP,SBAR,	0.9999794417457071	
ProductionRule	ProductionRule_S->NP,,,``,VP,	0.9999795827531823	
ProductionRule	ProductionRule_NP->JJ,NN,NNS,	0.9999796708478147	
ProductionRule	ProductionRule_NP->ADJP,DT,	0.9999799750615193	
ProductionRule	ProductionRule_S->ADVP,,,PP,,,NP,VP,.,	0.9999800385079217	
ProductionRule	ProductionRule_PP->IN,SBARQ,	0.9999800610769786	
ProductionRule	ProductionRule_S->PP,:,NP,VP,.,	0.9999803880490956	
ProductionRule	ProductionRule_PP->NN,NP,	0.9999804019873052	
ProductionRule	ProductionRule_NP->DT,NN,CD,	0.9999805416838292	
ProductionRule	ProductionRule_VP->VBN,ADVP,PP,	0.9999806283908417	
ProductionRule	ProductionRule_VP->VBN,PP,PP,	0.9999807658613229	
ProductionRule	ProductionRule_UCP->ADJP,CC,PP,	0.9999809065096926	
ProductionRule	ProductionRule_ADJP->NN,CC,NN,	0.9999812033028607	
ProductionRule	ProductionRule_NP->JJ,NN,NN,	0.99998125487026	
ProductionRule	ProductionRule_NP->JJ,NNS,NN,	0.9999815992469416	
ProductionRule	ProductionRule_S->NP,VP,.,'',	0.9999816335706824	
ProductionRule	ProductionRule_NP->DT,NN,NN,NN,	0.9999816855474002	
ProductionRule	ProductionRule_SBAR->NP,IN,S,	0.9999820130128965	
ProductionRule	ProductionRule_VP->VBN,SBAR,	0.9999820644871245	
ProductionRule	ProductionRule_S->ADVP,,,SBAR,VP,.,	0.9999822944118938	
ProductionRule	ProductionRule_X->NP,SBAR,	0.9999824024567273	
ProductionRule	ProductionRule_S->SBAR,,,NP,,,S,,,ADVP,VP,.,	0.999982487225763	
ProductionRule	ProductionRule_SBAR->ADVP,S,	0.999982487225763	
ProductionRule	ProductionRule_ADVP->RB,S,	0.9999826339534239	
ProductionRule	ProductionRule_S->INTJ,,,NP,VP,	0.9999826788077177	
ProductionRule	ProductionRule_S->ADVP,,,S,,,CC,S,.,	0.9999826984425179	
ProductionRule	ProductionRule_NP->NP,PP,:,SBARQ,	0.9999827641102863	
ProductionRule	ProductionRule_SQ->VBZ,NP,ADVP,NP,	0.9999827641102863	
ProductionRule	ProductionRule_NP->NN,,,NP,NN,	0.9999828196676612	
ProductionRule	ProductionRule_VP->VBP,PRT,PP,	0.9999831278572712	
ProductionRule	ProductionRule_SQ->VBD,NP,NP,.,	0.9999831449704508	
ProductionRule	ProductionRule_NP->DT,ADJP,NN,NN,	0.9999831710540414	
ProductionRule	ProductionRule_VP->TO,S,	0.9999832600701352	
ProductionRule	ProductionRule_NP->NNP,,,NNP,CC,NNP,	0.9999832600701352	
ProductionRule	ProductionRule_FRAG->ADVP,NP,	0.9999832647376177	
ProductionRule	ProductionRule_VP->VP,NP,	0.9999835303580804	
ProductionRule	ProductionRule_VP->VBP,NP,NP,	0.9999836195864805	
ProductionRule	ProductionRule_VP->VBZ,RB,NP,PP,	0.999983762444774	
ProductionRule	ProductionRule_ADVP->FW,FW,	0.9999838834665411	
ProductionRule	ProductionRule_X->ADVP,NP,.,	0.9999839888758872	
ProductionRule	ProductionRule_NP->JJ,NN,ADJP,NN,	0.9999841177729831	
ProductionRule	ProductionRule_VP->VBN,ADJP,	0.9999844664958155	
ProductionRule	ProductionRule_VP->VBG,PP,S,	0.9999845292233618	
ProductionRule	ProductionRule_FRAG->X,:,VP,.,	0.9999845292233618	
ProductionRule	ProductionRule_NP->PDT,DT,NN,	0.9999845441338666	
ProductionRule	ProductionRule_ADJP->RB,RB,JJ,	0.9999845885100467	
ProductionRule	ProductionRule_VP->VBZ,ADVP,	0.9999846979086449	
ProductionRule	ProductionRule_VP->VBG,ADVP,PP,	0.999984719329745	
ProductionRule	ProductionRule_S->S,IN,S,	0.9999847793819603	
ProductionRule	ProductionRule_NP->PRP$,NN,NN,	0.9999848430879021	
ProductionRule	ProductionRule_VP->VBP,PP,SBAR,	0.9999851288528114	
ProductionRule	ProductionRule_SBAR->WHADVP,FRAG,	0.9999851699450092	
ProductionRule	ProductionRule_ADJP->RB,VBN,PP,	0.9999852593356067	
ProductionRule	ProductionRule_NP->NP,,,NP,,,NP,,,NP,,,NP,,,NP,.,	0.9999854745427609	
ProductionRule	ProductionRule_S->``,PP,,,NP,VP,.,	0.9999856131250848	
ProductionRule	ProductionRule_SBARQ->WHADVP,SQ,	0.9999856390770105	
ProductionRule	ProductionRule_PRN->-LRB-,PP,-RRB-,	0.9999857409890183	
ProductionRule	ProductionRule_VP->MD,NP,S,	0.9999858192219493	
ProductionRule	ProductionRule_NP->DT,NN,CC,NN,S,	0.9999861224785015	
ProductionRule	ProductionRule_NP->RB,NNP,	0.9999861224785015	
ProductionRule	ProductionRule_NP->ADVP,NP,SBAR,	0.999986158308728	
ProductionRule	ProductionRule_NP->DT,RRC,	0.9999862260027615	
ProductionRule	ProductionRule_S->SBAR,NP,ADVP,VP,	0.9999862309449821	
ProductionRule	ProductionRule_S->VP,.,	0.9999862905513132	
ProductionRule	ProductionRule_VP->NP,ADVP,	0.999986320146089	
ProductionRule	ProductionRule_NP->DT,VBG,NN,	0.9999867173251117	
ProductionRule	ProductionRule_PP->LS,NP,	0.9999867369027869	
ProductionRule	ProductionRule_ADJP->RB,JJ,CC,JJ,	0.9999869638673466	
ProductionRule	ProductionRule_S->SBAR,,,SBAR,NP,VP,.,	0.999986975019865	
ProductionRule	ProductionRule_VP->VBN,NP,PP,VP,	0.999986975019865	
ProductionRule	ProductionRule_NP->NP,,,VP,,,VP,	0.999986975019865	
ProductionRule	ProductionRule_WHNP->RB,WP,	0.999986975019865	
ProductionRule	ProductionRule_FRAG->NP,NP,	0.9999870119760134	
ProductionRule	ProductionRule_S->NP,ADJP,S,	0.9999870119760134	
ProductionRule	ProductionRule_NP->NN,NN,NN,NN,	0.9999870119760134	
ProductionRule	ProductionRule_NP->PRP$,ADJP,NN,	0.9999870156806796	
ProductionRule	ProductionRule_NP->RB,NN,	0.9999870730280902	
ProductionRule	ProductionRule_S->SBAR,VP,.,	0.9999873698227437	
ProductionRule	ProductionRule_SBAR->S,CC,S,	0.999987459358654	
ProductionRule	ProductionRule_VP->ADVP,VBD,NP,SBAR,	0.999987548325603	
ProductionRule	ProductionRule_PP->IN,RB,	0.999987548325603	
ProductionRule	ProductionRule_SBAR->PP,IN,S,	0.999987548325603	
ProductionRule	ProductionRule_NP->DT,JJ,NN,SBAR,	0.9999875663638027	
ProductionRule	ProductionRule_ADJP->RB,PP,	0.9999875821186073	
ProductionRule	ProductionRule_PP->CC,PP,	0.9999875821186073	
ProductionRule	ProductionRule_PP->RB,IN,NP,	0.9999876362233857	
ProductionRule	ProductionRule_VP->VBN,ADJP,SBAR,	0.999987653774196	
ProductionRule	ProductionRule_SBAR->``,WHNP,S,	0.9999877182049696	
ProductionRule	ProductionRule_NP->DT,NN,'',NN,	0.9999877182049696	
ProductionRule	ProductionRule_S->S,,,S,,,SBAR,.,	0.9999877456982382	
ProductionRule	ProductionRule_NP->``,NNS,'',	0.9999878170586809	
ProductionRule	ProductionRule_SBAR->IN,RB,S,	0.9999878170586809	
ProductionRule	ProductionRule_NP->NNP,NNP,NNP,	0.9999878364908286	
ProductionRule	ProductionRule_UCP->PP,CC,VP,	0.9999880033020392	
ProductionRule	ProductionRule_VP->VP,CC,ADVP,VP,	0.9999883194153251	
ProductionRule	ProductionRule_VP->ADVP,MD,RB,VP,	0.9999883884317404	
ProductionRule	ProductionRule_NP->NNS,CC,NNS,	0.9999883949264687	
ProductionRule	ProductionRule_NP->CD,JJ,NN,	0.9999884253760876	
ProductionRule	ProductionRule_QP->RB,DT,	0.9999884351605948	
ProductionRule	ProductionRule_NP->NNP,NNP,NNP,NNP,	0.9999885513257301	
ProductionRule	ProductionRule_NP->CD,NN,NNS,	0.9999885855212078	
ProductionRule	ProductionRule_S->S,,,S,CC,S,	0.9999886422377428	
ProductionRule	ProductionRule_UCP->ADJP,,,VP,CC,RB,NP,	0.9999887037525719	
ProductionRule	ProductionRule_VP->VBD,PRT,	0.9999887037525719	
ProductionRule	ProductionRule_S->S,,,S,,,S,	0.9999887037525719	
ProductionRule	ProductionRule_NP->JJ,NNS,NNS,	0.9999887037525719	
ProductionRule	ProductionRule_NP->NP,NP,.,	0.9999887127248552	
ProductionRule	ProductionRule_NP->NP,,,RB,NP,	0.999989180030702	
ProductionRule	ProductionRule_NP->NP,:,``,SBAR,	0.9999892085155437	
ProductionRule	ProductionRule_ADVP->RB,'',	0.9999892085155437	
ProductionRule	ProductionRule_VP->VBN,ADJP,PP,	0.9999892498248089	
ProductionRule	ProductionRule_NP->RB,DT,	0.9999894657613082	
ProductionRule	ProductionRule_VP->VB,ADVP,VP,	0.9999897196439431	
ProductionRule	ProductionRule_NP->DT,JJ,NP,	0.9999897650210039	
ProductionRule	ProductionRule_SINV->ADVP,,,VP,NP,	0.9999898902073477	
ProductionRule	ProductionRule_NP->NP,CC,S,	0.9999898902073477	
ProductionRule	ProductionRule_NP->DT,NP,CC,NP,	0.9999901070001901	
ProductionRule	ProductionRule_S->S,NP,VP,	0.9999901796038188	
ProductionRule	ProductionRule_VP->VBN,PP,,,NP,	0.9999904157857908	
ProductionRule	ProductionRule_NP->S,CC,NP,	0.9999904247529458	
ProductionRule	ProductionRule_NP->RB,DT,JJ,NN,	0.9999906473248267	
ProductionRule	ProductionRule_VP->VBD,S,,,SBAR,	0.9999907001365994	
ProductionRule	ProductionRule_NP->NP,``,NP,'',	0.9999907722172324	
ProductionRule	ProductionRule_NP->JJ,DT,	0.9999907795708287	
ProductionRule	ProductionRule_VP->VBG,NP,S,SBAR,	0.9999907795708287	
ProductionRule	ProductionRule_ADVP->NP,IN,NP,	0.9999907795708287	
ProductionRule	ProductionRule_NP->NP,CC,RB,NP,	0.9999907795708287	
ProductionRule	ProductionRule_NP->DT,``,NNP,	0.9999909380807883	
ProductionRule	ProductionRule_NP->CD,NN,NN,	0.9999909849790033	
ProductionRule	ProductionRule_NP->PRP$,NN,CC,JJ,NN,	0.9999911194360772	
ProductionRule	ProductionRule_VP->VP,CC,VP,,,ADVP,VP,	0.9999911595455389	
ProductionRule	ProductionRule_NP->DT,NP,	0.9999912455931408	
ProductionRule	ProductionRule_SINV->ADJP,,,ADVP,VP,NP,	0.9999912546102735	
ProductionRule	ProductionRule_ADVP->RB,JJR,	0.9999912986723528	
ProductionRule	ProductionRule_S->SBAR,NP,VP,	0.9999914022171241	
ProductionRule	ProductionRule_VP->VBP,RB,	0.9999914372708302	
ProductionRule	ProductionRule_VP->VBZ,ADVP,ADJP,S,	0.9999915143571835	
ProductionRule	ProductionRule_NP->PRP$,JJ,NN,NN,	0.9999915276201239	
ProductionRule	ProductionRule_PP->VBN,PP,	0.9999915511406096	
ProductionRule	ProductionRule_PP->IN,'',NP,	0.999991572792505	
ProductionRule	ProductionRule_ADJP->ADVP,JJR,	0.9999915830586631	
ProductionRule	ProductionRule_ADVP->RB,JJ,	0.9999915830586631	
ProductionRule	ProductionRule_SINV->S,VP,NP,	0.9999916018384711	
ProductionRule	ProductionRule_VP->VBG,ADVP,	0.9999916053560828	
ProductionRule	ProductionRule_S->SBAR,VP,	0.9999916109119749	
ProductionRule	ProductionRule_VP->VBZ,RB,ADJP,PP,	0.999991621220721	
ProductionRule	ProductionRule_S->ADVP,VP,	0.9999916485502813	
ProductionRule	ProductionRule_FRAG->NP,:,S,.,	0.9999916657407124	
ProductionRule	ProductionRule_ADVP->IN,CC,IN,	0.9999916657407124	
ProductionRule	ProductionRule_NP->JJ,NNS,CC,NNS,	0.9999917626985237	
ProductionRule	ProductionRule_VP->VBN,PP,ADVP,	0.9999918416070639	
ProductionRule	ProductionRule_NP->NN,JJ,	0.9999919182228106	
ProductionRule	ProductionRule_VP->VP,,,SBAR,	0.9999919220246525	
ProductionRule	ProductionRule_VP->VB,ADJP,ADVP,	0.999991930770286	
ProductionRule	ProductionRule_SBAR->WHADVP,S,.,	0.9999919767453598	
ProductionRule	ProductionRule_ADJP->RB,RBR,JJ,S,	0.9999920325693499	
ProductionRule	ProductionRule_VP->VBZ,ADJP,S,	0.9999920850506513	
ProductionRule	ProductionRule_S->S,,,IN,S,.,	0.9999921259281039	
ProductionRule	ProductionRule_ADJP->JJ,RB,SBAR,	0.9999921267823698	
ProductionRule	ProductionRule_NP->ADJP,,,NN,,,NN,NN,	0.999992149868819	
ProductionRule	ProductionRule_VP->ADVP,VBP,SBAR,	0.9999921751958791	
ProductionRule	ProductionRule_NP->S,,,RRC,,,	0.9999922172282905	
ProductionRule	ProductionRule_RRC->ADVP,PP,	0.9999922172282905	
ProductionRule	ProductionRule_NP->DT,NN,JJ,NNS,	0.999992324738901	
ProductionRule	ProductionRule_NP->JJ,NN,S,	0.9999923813784823	
ProductionRule	ProductionRule_VP->VB,ADVP,NP,	0.9999924915149773	
ProductionRule	ProductionRule_NP->PRP$,NNP,	0.9999925564471391	
ProductionRule	ProductionRule_PRN->-LRB-,SBAR,-RRB-,	0.9999925804652537	
ProductionRule	ProductionRule_NP->NP,,,CC,RB,NP,	0.9999925816467192	
ProductionRule	ProductionRule_NP->NP,,,IN,NP,	0.999992703706765	
ProductionRule	ProductionRule_NP->NN,CC,NNS,NN,	0.999992703706765	
ProductionRule	ProductionRule_NP->PRP$,JJ,NN,CC,NN,	0.999992703706765	
ProductionRule	ProductionRule_VP->VB,ADJP,,,S,	0.9999927183213071	
ProductionRule	ProductionRule_VP->VBG,S,SBAR,	0.999992753789386	
ProductionRule	ProductionRule_PRN->,,S,	0.9999927686673512	
ProductionRule	ProductionRule_SBARQ->WHNP,SQ,.,	0.9999927851922681	
ProductionRule	ProductionRule_FRAG->X,VP,.,	0.9999928704850166	
ProductionRule	ProductionRule_S->``,NP,VP,.,	0.9999929258283548	
ProductionRule	ProductionRule_NP->NP,PRN,SBAR,	0.9999929650401442	
ProductionRule	ProductionRule_VP->VBP,ADVP,NP,	0.9999930879098397	
ProductionRule	ProductionRule_VP->VB,ADJP,SBAR,	0.999993127467652	
ProductionRule	ProductionRule_NP->JJ,VBN,NNS,	0.9999931519871277	
ProductionRule	ProductionRule_NP->JJ,POS,	0.9999931519871277	
ProductionRule	ProductionRule_VP->VB,PRT,SBAR,	0.9999931519871277	
ProductionRule	ProductionRule_VP->ADVP,VBN,PP,SBAR,	0.9999931964531025	
ProductionRule	ProductionRule_VP->VB,RB,ADVP,VP,	0.9999932967575293	
ProductionRule	ProductionRule_WHNP->WHNP,NP,	0.9999933253732205	
ProductionRule	ProductionRule_S->S,CC,S,,,S,,,S,CC,S,	0.9999934380419819	
ProductionRule	ProductionRule_NP->DT,JJ,S,	0.9999934380419819	
ProductionRule	ProductionRule_VP->VBZ,RB,ADVP,NP,	0.9999934380419819	
ProductionRule	ProductionRule_VP->RB,VBN,PP,	0.9999934380419819	
ProductionRule	ProductionRule_VP->VBZ,ADJP,S,NP,	0.9999935214525179	
ProductionRule	ProductionRule_NP->FW,FW,FW,FW,FW,FW,FW,	0.9999935214525179	
ProductionRule	ProductionRule_NP->NP,:,NP,:,	0.9999935214525179	
ProductionRule	ProductionRule_NP->NP,,,NP,-RRB-,	0.9999935214525179	
ProductionRule	ProductionRule_NP->NN,NN,-LRB-,	0.9999935214525179	
ProductionRule	ProductionRule_ADJP->NP,RBR,	0.9999935859923994	
ProductionRule	ProductionRule_NP->PRP$,NN,NNS,	0.9999936128283196	
ProductionRule	ProductionRule_VP->VBG,NP,ADVP,	0.9999937418433456	
ProductionRule	ProductionRule_VP->VBZ,RB,SBAR,	0.9999938071160335	
ProductionRule	ProductionRule_NP->DT,CD,NN,	0.9999938086026301	
ProductionRule	ProductionRule_VP->VB,ADJP,S,	0.9999938628292371	
ProductionRule	ProductionRule_FRAG->ADVP,.,	0.9999938780674864	
ProductionRule	ProductionRule_FRAG->SBAR,,,WHADVP,.,	0.9999939322536007	
ProductionRule	ProductionRule_NP->PDT,PRP$,NN,	0.9999939475782232	
ProductionRule	ProductionRule_S->S,:,``,S,.,'',	0.9999939475782232	
ProductionRule	ProductionRule_ADJP->RB,RB,PP,	0.9999939603190746	
ProductionRule	ProductionRule_NP->PRP,DT,	0.9999939618878468	
ProductionRule	ProductionRule_NP->NNS,NNS,	0.9999940088260368	
ProductionRule	ProductionRule_NP->RB,DT,NN,	0.9999940710492392	
ProductionRule	ProductionRule_S->ADJP,NP,VP,.,	0.9999940953277081	
ProductionRule	ProductionRule_S->NP,,,NP,VP,	0.9999941199822707	
ProductionRule	ProductionRule_PP->RB,NP,	0.9999941489305864	
ProductionRule	ProductionRule_S->S,IN,S,.,	0.9999942940893174	
ProductionRule	ProductionRule_ADJP->ADJP,FRAG,	0.9999942940893174	
ProductionRule	ProductionRule_VP->VP,,,ADJP,	0.9999942940893174	
ProductionRule	ProductionRule_S->S,,,ADVP,,,S,.,	0.9999943464729518	
ProductionRule	ProductionRule_VP->VBG,NP,S,	0.9999943880412653	
ProductionRule	ProductionRule_SQ->VBZ,NP,VP,	0.999994388113346	
ProductionRule	ProductionRule_VP->MD,RB,ADVP,VP,	0.9999944161535144	
ProductionRule	ProductionRule_NP->NP,PP,VP,	0.9999944213371753	
ProductionRule	ProductionRule_VP->NNP,PP,	0.9999944661029136	
ProductionRule	ProductionRule_ADVP->RB,VP,	0.9999945125214109	
ProductionRule	ProductionRule_VP->VBZ,NP,,,ADVP,	0.9999945125214109	
ProductionRule	ProductionRule_ADJP->IN,JJ,	0.9999945265478694	
ProductionRule	ProductionRule_VP->NN,NP,PP,	0.9999945864810333	
ProductionRule	ProductionRule_FRAG->RB,PP,.,	0.9999946133927724	
ProductionRule	ProductionRule_VP->VBZ,PP,ADVP,	0.9999946158657712	
ProductionRule	ProductionRule_VP->VBG,ADJP,PP,	0.9999946689690118	
ProductionRule	ProductionRule_VP->VBP,NP,PP,S,	0.9999946689690118	
ProductionRule	ProductionRule_QP->JJR,IN,CD,	0.9999947219734533	
ProductionRule	ProductionRule_NP->DT,JJ,CD,	0.9999947241181898	
ProductionRule	ProductionRule_VP->VB,NP,S,,,S,	0.9999947771196294	
ProductionRule	ProductionRule_ADJP->ADJP,S,SBAR,	0.9999947771196294	
ProductionRule	ProductionRule_NP->NN,NN,CD,	0.9999947771196294	
ProductionRule	ProductionRule_VP->VBZ,RB,NP,S,	0.9999947987798455	
ProductionRule	ProductionRule_NP->NP,:,SQ,	0.9999949046040835	
ProductionRule	ProductionRule_NP->NNP,,,	0.9999949046040835	
ProductionRule	ProductionRule_UCP->S,CC,SBAR,	0.9999949046040835	
ProductionRule	ProductionRule_VP->VBP,UCP,	0.9999949046040835	
ProductionRule	ProductionRule_NP->NP,NN,NN,	0.9999949046040835	
ProductionRule	ProductionRule_VP->VBD,ADVP,NP,	0.9999949251297318	
ProductionRule	ProductionRule_NP->NP,NN,CC,NN,	0.9999949251297318	
ProductionRule	ProductionRule_NP->JJ,JJ,CC,JJ,NNS,	0.9999949251297318	
ProductionRule	ProductionRule_VP->VBN,PP,S,	0.9999949318549426	
ProductionRule	ProductionRule_NP->RB,CD,NNS,	0.9999949318549426	
ProductionRule	ProductionRule_WHNP->WP$,NP,	0.9999949318549426	
ProductionRule	ProductionRule_ADJP->JJ,ADVP,PP,PP,	0.9999949318549426	
ProductionRule	ProductionRule_VP->VBZ,:,SBARQ,	0.9999949549642441	
ProductionRule	ProductionRule_VP->VBN,,,CC,VBN,	0.9999949583283007	
ProductionRule	ProductionRule_VP->VB,NP,NP,PP,	0.9999950027371731	
ProductionRule	ProductionRule_VP->ADVP,VP,CC,VP,	0.9999950027371731	
ProductionRule	ProductionRule_UCP->PP,CC,ADVP,ADJP,	0.9999950675447516	
ProductionRule	ProductionRule_S->S,CC,S,CC,,,S,.,	0.9999950675447516	
ProductionRule	ProductionRule_VP->VB,PRT,PP,PP,	0.9999950675447516	
ProductionRule	ProductionRule_NP->JJS,NN,	0.9999950675447516	
ProductionRule	ProductionRule_VP->VB,ADVP,UCP,	0.9999950675447516	
ProductionRule	ProductionRule_NP->NP,ADJP,SBAR,	0.9999950932307655	
ProductionRule	ProductionRule_VP->VB,NP,ADVP,PP,	0.9999951564045222	
ProductionRule	ProductionRule_NP->NP,ADVP,NP,	0.9999951684204802	
ProductionRule	ProductionRule_VP->VBN,PP,NP,	0.9999951854509284	
ProductionRule	ProductionRule_VP->VBP,ADJP,PP,	0.9999952337923332	
ProductionRule	ProductionRule_VP->VBP,ADJP,PRN,	0.9999952650482408	
ProductionRule	ProductionRule_NP->NP,,,CC,NP,	0.9999952828129886	
ProductionRule	ProductionRule_VP->NN,PP,	0.999995299107069	
ProductionRule	ProductionRule_PP->IN,NN,	0.999995299107069	
ProductionRule	ProductionRule_VP->VBP,ADVP,S,	0.9999953079849023	
ProductionRule	ProductionRule_SBAR->TO,S,	0.9999953329505912	
ProductionRule	ProductionRule_NP->DT,DT,NNS,	0.9999953329505912	
ProductionRule	ProductionRule_NP->NP,,,NP,,,NP,CC,NP,	0.9999953892226522	
ProductionRule	ProductionRule_NP->NP,ADJP,PP,	0.999995413268508	
ProductionRule	ProductionRule_ADJP->JJ,CC,NN,	0.999995413268508	
ProductionRule	ProductionRule_VP->VBZ,S,,,S,	0.999995413268508	
ProductionRule	ProductionRule_VP->VBP,,,S,	0.999995413268508	
ProductionRule	ProductionRule_ADJP->RB,SBAR,	0.9999954186269552	
ProductionRule	ProductionRule_SQ->VBD,NP,ADJP,.,	0.9999954186269552	
ProductionRule	ProductionRule_NP->JJ,CC,JJ,	0.9999955093832689	
ProductionRule	ProductionRule_NP->NP,RRC,	0.999995546832994	
ProductionRule	ProductionRule_CONJP->RB,RB,IN,	0.9999955903513701	
ProductionRule	ProductionRule_NP->NP,,,CONJP,NP,	0.9999955903513701	
ProductionRule	ProductionRule_NP->JJ,ADJP,JJ,NNS,	0.9999955903513701	
ProductionRule	ProductionRule_ADVP->RB,PP,	0.9999956081062307	
ProductionRule	ProductionRule_NP->NN,RB,POS,	0.9999956265807566	
ProductionRule	ProductionRule_NP->NNP,CD,,,CD,	0.9999956608762565	
ProductionRule	ProductionRule_VP->VBD,PP,,,PP,	0.9999956608762565	
ProductionRule	ProductionRule_ADVP->RB,NP,	0.9999957375737696	
ProductionRule	ProductionRule_VP->VB,ADJP,PP,S,	0.9999958091483213	
ProductionRule	ProductionRule_NP->DT,NNP,POS,	0.9999958439994352	
ProductionRule	ProductionRule_FRAG->WHADVP,VP,	0.9999958525044624	
ProductionRule	ProductionRule_VP->RB,VBG,NP,	0.9999958635550878	
ProductionRule	ProductionRule_VP->VB,PP,,,SBAR,	0.999995868654201	
ProductionRule	ProductionRule_NP->NP,NNP,	0.9999958873060107	
ProductionRule	ProductionRule_NP->NNP,POS,	0.9999958960505996	
ProductionRule	ProductionRule_VP->VBD,ADVP,,,PP,	0.9999959163975035	
ProductionRule	ProductionRule_NP->NP,'',VP,	0.9999960122981453	
ProductionRule	ProductionRule_VP->VBZ,ADJP,S,PP,	0.9999960185250167	
ProductionRule	ProductionRule_NP->RB,NP,CC,ADVP,NP,	0.9999960185250167	
ProductionRule	ProductionRule_NP->DT,FW,	0.9999960597655372	
ProductionRule	ProductionRule_UCP->S,CC,PP,	0.9999960619411408	
ProductionRule	ProductionRule_VP->VBD,,,PP,,,UCP,	0.9999960619411408	
ProductionRule	ProductionRule_PP->TO,CC,IN,NP,	0.9999960619411408	
ProductionRule	ProductionRule_S->S,,,CC,S,,,CC,S,	0.9999960883997172	
ProductionRule	ProductionRule_VP->LS,ADVP,PP,	0.9999960883997172	
ProductionRule	ProductionRule_PP->RB,ADJP,	0.9999960883997172	
ProductionRule	ProductionRule_VP->VBP,S,PRN,	0.9999960883997172	
ProductionRule	ProductionRule_S->PRN,VP,	0.9999960883997172	
ProductionRule	ProductionRule_VP->VBP,:,SBAR,	0.9999960883997172	
ProductionRule	ProductionRule_NP->DT,JJ,NNS,RB,	0.9999961031048701	
ProductionRule	ProductionRule_VP->VBD,``,VP,	0.999996124209004	
ProductionRule	ProductionRule_VP->VBN,'',S,	0.999996124209004	
ProductionRule	ProductionRule_ADJP->RB,JJR,SBAR,	0.9999961571876831	
ProductionRule	ProductionRule_VP->VBP,PP,ADVP,	0.999996263945301	
ProductionRule	ProductionRule_S->``,NP,'',	0.9999962794023578	
ProductionRule	ProductionRule_S->S,RB,,,S,CC,S,	0.9999962794023578	
ProductionRule	ProductionRule_S->S,NP,ADVP,VP,	0.9999962794023578	
ProductionRule	ProductionRule_S->NP,``,ADJP,'',	0.9999962830738429	
ProductionRule	ProductionRule_VP->ADVP,VBN,PP,	0.9999963012507902	
ProductionRule	ProductionRule_S->SBAR,,,NP,ADVP,VP,	0.9999963193823854	
ProductionRule	ProductionRule_NP->PRP$,JJS,NN,	0.9999963936613548	
ProductionRule	ProductionRule_VP->LS,VP,	0.999996428927511	
ProductionRule	ProductionRule_NP->ADVP,NP,CC,RB,NP,	0.9999964392591698	
ProductionRule	ProductionRule_S->ADVP,,,NP,ADVP,VP,.,	0.9999964966090656	
ProductionRule	ProductionRule_UCP->PP,CC,RB,SBAR,	0.9999965065608208	
ProductionRule	ProductionRule_SBAR->WHNP,S,,,	0.9999965376814514	
ProductionRule	ProductionRule_NP->DT,VBN,CD,NNS,	0.999996559019878	
ProductionRule	ProductionRule_NP->DT,VBG,	0.9999965820058907	
ProductionRule	ProductionRule_VP->VBZ,NP,,,PP,	0.9999966668046743	
ProductionRule	ProductionRule_SBAR->IN,S,CC,RB,	0.9999966668046743	
ProductionRule	ProductionRule_NP->NP,NNS,	0.9999966753580587	
ProductionRule	ProductionRule_VP->RB,S,	0.9999967698513051	
ProductionRule	ProductionRule_ADJP->``,JJ,CC,JJ,	0.9999967721261364	
ProductionRule	ProductionRule_NP->NP,CC,CC,S,	0.9999967888553579	
ProductionRule	ProductionRule_ADJP->RB,VBG,	0.9999967895310293	
ProductionRule	ProductionRule_FRAG->NP,S,	0.9999967895310293	
ProductionRule	ProductionRule_NP->DT,JJS,JJ,NNS,	0.9999967895310293	
ProductionRule	ProductionRule_VP->VBZ,RB,ADJP,SBAR,	0.9999968385279964	
ProductionRule	ProductionRule_VP->VB,UCP,	0.9999968397391351	
ProductionRule	ProductionRule_VP->VB,INTJ,PP,	0.9999968397391351	
ProductionRule	ProductionRule_NP->DT,DT,	0.9999968397391351	
ProductionRule	ProductionRule_QP->IN,CD,	0.999996856510637	
ProductionRule	ProductionRule_VP->VBP,ADVP,ADVP,	0.9999968794431628	
ProductionRule	ProductionRule_VP->VBG,ADVP,S,,,ADVP,FRAG,	0.9999969450736689	
ProductionRule	ProductionRule_VP->VB,CC,VB,S,SBAR,	0.9999969450736689	
ProductionRule	ProductionRule_VP->VBD,NP,NP,SBAR,	0.9999969450736689	
ProductionRule	ProductionRule_NP->PRP$,JJ,NNS,	0.9999969460942311	
ProductionRule	ProductionRule_VP->VB,NP,PP,PP,SBAR,	0.9999969600534667	
ProductionRule	ProductionRule_VP->VB,ADVP,PP,S,	0.9999969600534667	
ProductionRule	ProductionRule_VP->VB,RBR,	0.9999970300219664	
ProductionRule	ProductionRule_FRAG->ADJP,:,	0.9999970510059025	
ProductionRule	ProductionRule_PRN->NP,-RRB-,	0.9999970510059025	
ProductionRule	ProductionRule_VP->VBZ,NP,PRN,	0.9999970510059025	
ProductionRule	ProductionRule_ADJP->JJ,NN,	0.9999970510059025	
ProductionRule	ProductionRule_S->NP,,,PP,	0.9999970668583374	
ProductionRule	ProductionRule_NP->NNP,NNP,NNP,NNP,NNP,	0.9999971137307693	
ProductionRule	ProductionRule_VP->VBN,NP,PP,,,S,	0.9999971314146018	
ProductionRule	ProductionRule_S->S,:,CC,S,.,	0.9999971314416267	
ProductionRule	ProductionRule_VP->VBG,NP,ADVP,PP,	0.9999971314416267	
ProductionRule	ProductionRule_NP->VBG,JJ,NN,	0.9999972209509324	
ProductionRule	ProductionRule_NP->NNS,CC,NN,NNS,	0.9999972501964012	
ProductionRule	ProductionRule_ADVP->NP,IN,	0.9999973056107436	
ProductionRule	ProductionRule_VP->VBZ,RB,ADJP,S,	0.9999973058417687	
ProductionRule	ProductionRule_VP->ADVP,VBD,NP,PRT,	0.9999973258077874	
ProductionRule	ProductionRule_ADJP->NN,RB,	0.9999973343207997	
ProductionRule	ProductionRule_WHNP->NP,PP,	0.9999973343207997	
ProductionRule	ProductionRule_VP->VB,NP,ADVP,ADVP,	0.9999973343207997	
ProductionRule	ProductionRule_NP->SQ,VP,	0.9999973343207997	
ProductionRule	ProductionRule_VP->VBZ,NP,ADVP,ADVP,	0.9999973343207997	
ProductionRule	ProductionRule_VP->VBP,NP,PP,SBAR,	0.9999973343207997	
ProductionRule	ProductionRule_SQ->VP,NP,NP,	0.9999973343207997	
ProductionRule	ProductionRule_VP->NN,NP,	0.9999973529050294	
ProductionRule	ProductionRule_NP->NNP,NNP,POS,	0.999997420502438	
ProductionRule	ProductionRule_VP->VBP,ADJP,S,	0.9999974435115337	
ProductionRule	ProductionRule_NP->PRP,:,SBAR,	0.9999974480323379	
ProductionRule	ProductionRule_VP->VBZ,ADJP,PP,,,SBAR,	0.9999974772831234	
ProductionRule	ProductionRule_VP->VBP,PP,ADVP,PP,	0.9999975185102732	
ProductionRule	ProductionRule_VP->VBN,ADVP,PP,PP,	0.9999975346192922	
ProductionRule	ProductionRule_VP->VBZ,PP,S,	0.9999975575476201	
ProductionRule	ProductionRule_S->S,-LRB-,CC,-RRB-,S,	0.9999975609337053	
ProductionRule	ProductionRule_NP->DT,``,NNP,'',NN,	0.9999975609337053	
ProductionRule	ProductionRule_S->ADVP,S,VP,	0.9999975609337053	
ProductionRule	ProductionRule_FRAG->ADVP,PP,	0.9999976217180178	
ProductionRule	ProductionRule_VP->VBZ,NP,ADVP,SBAR,	0.999997635031147	
ProductionRule	ProductionRule_S->``,NP,VP,	0.9999976452006367	
ProductionRule	ProductionRule_VP->VP,,,VP,,,SBAR,	0.999997661486978	
ProductionRule	ProductionRule_VP->NN,NP,S,	0.999997661486978	
ProductionRule	ProductionRule_ADJP->JJ,ADVP,PP,	0.9999977018324364	
ProductionRule	ProductionRule_NP->NP,VP,NP,.,	0.9999977154207764	
ProductionRule	ProductionRule_VP->VBD,PRT,S,	0.999997716871496	
ProductionRule	ProductionRule_PP->IN,:,S,	0.9999977182913824	
ProductionRule	ProductionRule_S->RB,NP,VP,.,	0.9999977186786863	
ProductionRule	ProductionRule_ADVP->IN,RB,	0.999997750765561	
ProductionRule	ProductionRule_NP->UCP,NNS,	0.9999977509497541	
ProductionRule	ProductionRule_VP->TO,PRN,VP,	0.9999978135240184	
ProductionRule	ProductionRule_NP->DT,JJ,CC,JJ,NN,	0.9999978135240184	
ProductionRule	ProductionRule_VP->VBN,NP,ADVP,	0.9999978200326003	
ProductionRule	ProductionRule_UCP->NP,CC,RRC,	0.9999978200326003	
ProductionRule	ProductionRule_NP->DT,JJ,NN,NN,NNS,	0.9999978204231637	
ProductionRule	ProductionRule_VP->VBG,PRT,NP,PP,	0.9999978204231637	
ProductionRule	ProductionRule_VP->VBG,NP,PP,S,	0.9999978204231637	
ProductionRule	ProductionRule_NP->NP,,,ADVP,	0.9999978298457568	
ProductionRule	ProductionRule_S->PP,,,S,:,VP,	0.9999978298457568	
ProductionRule	ProductionRule_FRAG->:,ADVP,NP,	0.9999978298457568	
ProductionRule	ProductionRule_S->ADVP,,,SBAR,,,NP,VP,	0.9999978298457568	
ProductionRule	ProductionRule_VP->VBZ,NP,:,S,	0.9999978691655315	
ProductionRule	ProductionRule_NP->ADVP,PP,	0.9999979697961197	
ProductionRule	ProductionRule_VP->VB,NP,PP,,,ADVP,	0.9999979733987562	
ProductionRule	ProductionRule_ADJP->RBR,JJ,PP,	0.9999980332170685	
ProductionRule	ProductionRule_S->SBAR,,,S,CC,S,	0.9999980393982678	
ProductionRule	ProductionRule_NP->DT,NNS,CC,NNS,	0.9999980393982678	
ProductionRule	ProductionRule_VP->VBN,PRT,	0.9999980393982678	
ProductionRule	ProductionRule_NP->DT,NNS,NN,	0.9999980416320063	
ProductionRule	ProductionRule_FRAG->NP,ADJP,.,	0.9999980770966033	
ProductionRule	ProductionRule_VP->VB,PP,NP,SBAR,	0.9999980793197008	
ProductionRule	ProductionRule_PP->PP,CC,PP,	0.9999980793197008	
ProductionRule	ProductionRule_S->RB,VP,	0.9999980973556856	
ProductionRule	ProductionRule_VP->NP,S,	0.9999981001582467	
ProductionRule	ProductionRule_UCP->FRAG,CC,SBAR,	0.9999981038359392	
ProductionRule	ProductionRule_NP->NP,PP,,,SBAR,	0.999998111482409	
ProductionRule	ProductionRule_VP->ADVP,VB,NP,	0.9999981177212179	
ProductionRule	ProductionRule_NP->JJ,-LRB-,	0.999998119807799	
ProductionRule	ProductionRule_NP->NP,PP,ADVP,NP,	0.9999981253745313	
ProductionRule	ProductionRule_PP->PP,NP,	0.9999981299722615	
ProductionRule	ProductionRule_NP->NP,,,NP,,,NP,	0.9999981410447901	
ProductionRule	ProductionRule_NP->NN,FW,FW,	0.9999981410447901	
ProductionRule	ProductionRule_NP->DT,FW,FW,FW,FW,FW,	0.9999981410447901	
ProductionRule	ProductionRule_NP->FW,FW,FW,FW,FW,FW,FW,FW,FW,	0.9999981410447901	
ProductionRule	ProductionRule_NP->DT,FW,FW,FW,FW,FW,FW,FW,FW,	0.9999981410447901	
ProductionRule	ProductionRule_NP->FW,FW,FW,FW,FW,FW,FW,FW,	0.9999981410447901	
ProductionRule	ProductionRule_NP->DT,FW,FW,NNP,	0.9999981410447901	
ProductionRule	ProductionRule_NP->FW,FW,FW,FW,FW,FW,	0.9999981410447901	
ProductionRule	ProductionRule_NP->JJ,,,JJ,NN,NN,	0.9999981410447901	
ProductionRule	ProductionRule_NP->PDT,DT,JJ,NN,	0.9999981709960885	
ProductionRule	ProductionRule_VP->VB,NP,,,ADVP,,,SBAR,	0.9999981709960885	
ProductionRule	ProductionRule_NP->NNP,NNP,NNP,.,	0.999998180507242	
ProductionRule	ProductionRule_NP->NP,-LRB-,CC,NP,-RRB-,	0.999998210439618	
ProductionRule	ProductionRule_NP->DT,JJ,JJ,NN,NN,	0.999998219392763	
ProductionRule	ProductionRule_FRAG->NP,NP,PP,S,.,	0.999998219392763	
ProductionRule	ProductionRule_VP->VBP,ADVP,PP,SBAR,	0.999998225389324	
ProductionRule	ProductionRule_VP->VBZ,ADJP,S,,,SBAR,	0.9999982277967165	
ProductionRule	ProductionRule_VP->ADVP,VBG,PP,	0.9999982277967165	
ProductionRule	ProductionRule_VP->ADVP,VBZ,	0.9999982277967165	
ProductionRule	ProductionRule_NP->DT,NNP,JJ,NN,	0.9999982912445784	
ProductionRule	ProductionRule_NP->CD,CD,	0.9999982912445784	
ProductionRule	ProductionRule_VP->VBP,``,NP,	0.9999983007456354	
ProductionRule	ProductionRule_VP->ADVP,VBD,NP,	0.9999983036936522	
ProductionRule	ProductionRule_NP->NP,CC,SBAR,	0.9999983401957113	
ProductionRule	ProductionRule_SINV->PP,VP,SBAR,.,	0.9999983401957113	
ProductionRule	ProductionRule_WHNP->WDT,NN,	0.9999983613081345	
ProductionRule	ProductionRule_VP->,,S,	0.9999983759335048	
ProductionRule	ProductionRule_NP->NP,,,ADJP,	0.999998394445098	
ProductionRule	ProductionRule_S->ADVP,NP,ADVP,VP,	0.9999983960068602	
ProductionRule	ProductionRule_S->NP,,,NP,PRN,VP,.,	0.9999984009125832	
ProductionRule	ProductionRule_NP->IN,NP,	0.9999984221016618	
ProductionRule	ProductionRule_FRAG->ADVP,,,ADVP,.,	0.9999984395602638	
ProductionRule	ProductionRule_SINV->S,,,VP,NP,.,	0.9999984412150085	
ProductionRule	ProductionRule_NP->DT,NN,NN,S,	0.9999984769452528	
ProductionRule	ProductionRule_VP->VBZ,ADVP,ADJP,	0.9999985025879237	
ProductionRule	ProductionRule_NP->NP,NP,,,SBAR,	0.9999985106510401	
ProductionRule	ProductionRule_UCP->ADJP,CC,ADVP,	0.9999985148362864	
ProductionRule	ProductionRule_NP->PRP$,JJR,NN,	0.9999985148362864	
ProductionRule	ProductionRule_ADJP->CD,NN,	0.9999985228187178	
ProductionRule	ProductionRule_SINV->S,VP,NP,.,	0.9999985313763448	
ProductionRule	ProductionRule_NP->RB,JJ,NNS,	0.9999985389300834	
ProductionRule	ProductionRule_NP->NNS,NN,NNS,	0.9999985414684323	
ProductionRule	ProductionRule_VP->VBZ,NP,PP,ADVP,SBAR,	0.9999985414684323	
ProductionRule	ProductionRule_VP->RB,ADVP,VBN,	0.9999985414684323	
ProductionRule	ProductionRule_VP->VBD,NP,,,SBAR,	0.9999985665560809	
ProductionRule	ProductionRule_NP->DT,NNP,NNPS,	0.9999985718660488	
ProductionRule	ProductionRule_VP->VBN,'',	0.9999985799467705	
ProductionRule	ProductionRule_S->``,SBAR,VP,.,	0.9999985799467705	
ProductionRule	ProductionRule_VP->VBZ,ADJP,,,SBAR,	0.9999985892017424	
ProductionRule	ProductionRule_S->SBAR,ADVP,NP,VP,	0.9999986030794276	
ProductionRule	ProductionRule_S->S,,,S,CC,S,.,	0.9999986090838681	
ProductionRule	ProductionRule_S->PP,NP,ADVP,VP,	0.9999986647106972	
ProductionRule	ProductionRule_VP->VBG,``,NP,'',	0.9999986647106972	
ProductionRule	ProductionRule_VP->VBD,NP,PP,S,	0.9999986647106972	
ProductionRule	ProductionRule_NP->NNS,NN,NN,	0.9999986671507977	
ProductionRule	ProductionRule_SBAR->IN,FRAG,	0.9999987053744281	
ProductionRule	ProductionRule_VP->VBZ,ADJP,S,SBAR,	0.9999987146243429	
ProductionRule	ProductionRule_VP->VBG,ADVP,NP,	0.9999987170249411	
ProductionRule	ProductionRule_VP->VB,NP,NP,S,	0.9999987170249411	
ProductionRule	ProductionRule_WHNP->WRB,JJ,	0.9999987436149865	
ProductionRule	ProductionRule_SINV->S,,,VP,NP,	0.999998750788157	
ProductionRule	ProductionRule_ADJP->NP,JJ,	0.9999987659292131	
ProductionRule	ProductionRule_SQ->VBZ,NP,NP,	0.9999987805161924	
ProductionRule	ProductionRule_PP->RB,PP,	0.9999987960540604	
ProductionRule	ProductionRule_NP->DT,NNP,CC,LS,	0.9999987960540604	
ProductionRule	ProductionRule_NP->PRP$,VBG,NN,	0.999998811859823	
ProductionRule	ProductionRule_SBAR->IN,S,:,	0.999998811859823	
ProductionRule	ProductionRule_PRN->S,-RRB-,	0.999998811859823	
ProductionRule	ProductionRule_ADJP->JJ,PP,S,	0.9999988118661911	
ProductionRule	ProductionRule_VP->VBZ,RB,ADVP,	0.9999988118661911	
ProductionRule	ProductionRule_VP->VP,CC,VP,NP,	0.9999988208360614	
ProductionRule	ProductionRule_VP->RB,VP,IN,VP,	0.9999988208360614	
ProductionRule	ProductionRule_VP->VBP,PP,NP,	0.9999988875451752	
ProductionRule	ProductionRule_NP->DT,JJ,CC,JJ,JJ,NN,	0.999998894387276	
ProductionRule	ProductionRule_VP->VP,CC,RB,VP,	0.999998894387276	
ProductionRule	ProductionRule_NP->NNS,S,	0.9999989174647878	
ProductionRule	ProductionRule_S->TO,VP,	0.9999989174647878	
ProductionRule	ProductionRule_NP->NP,,,UCP,	0.9999989414231422	
ProductionRule	ProductionRule_UCP->NP,,,ADJP,,,ADJP,,,ADJP,,,ADJP,,,ADJP,,,ADJP,,,ADJP,,,CC,NP,	0.9999989414231422	
ProductionRule	ProductionRule_ADVP->IN,NN,	0.9999989450452167	
ProductionRule	ProductionRule_NP->NNP,NNP,NNP,NNP,NNP,NNP,NNP,	0.9999989538003836	
ProductionRule	ProductionRule_S->NP,NP,SBAR,	0.9999989538003836	
ProductionRule	ProductionRule_VP->VBP,RB,PP,SBAR,	0.9999989685494965	
ProductionRule	ProductionRule_NP->NP,,,ADJP,,,	0.9999989685494965	
ProductionRule	ProductionRule_VP->ADJP,PP,	0.9999989776114372	
ProductionRule	ProductionRule_S->ADVP,,,NP,VP,	0.9999989846849904	
ProductionRule	ProductionRule_UCP->ADJP,:,NP,	0.999998987780803	
ProductionRule	ProductionRule_VP->VB,NP,ADVP,:,SBAR,	0.999998987780803	
ProductionRule	ProductionRule_UCP->NP,CC,ADVP,	0.999998987780803	
ProductionRule	ProductionRule_ADJP->RB,RB,SBAR,	0.999998987780803	
ProductionRule	ProductionRule_VP->VBG,ADJP,UCP,	0.999998987780803	
ProductionRule	ProductionRule_VP->VB,PRT,PP,SBAR,	0.9999989910745963	
ProductionRule	ProductionRule_FRAG->CC,ADVP,SBAR,	0.9999989929507981	
ProductionRule	ProductionRule_VP->VB,NP,FRAG,	0.9999989929507981	
ProductionRule	ProductionRule_VP->VB,ADVP,SBAR,	0.9999990117861335	
ProductionRule	ProductionRule_S->ADVP,LS,VP,.,	0.9999990142377125	
ProductionRule	ProductionRule_ADJP->ADJP,PRN,	0.9999990958982827	
ProductionRule	ProductionRule_SBAR->WHNP,S,:,	0.9999990958982827	
ProductionRule	ProductionRule_VP->VBP,ADJP,ADVP,ADJP,	0.9999990958982827	
ProductionRule	ProductionRule_SBARQ->SBAR,,,WHADVP,SQ,	0.9999991027428813	
ProductionRule	ProductionRule_NP->NP,PP,NP,	0.999999113674954	
ProductionRule	ProductionRule_SQ->VBZ,ADJP,	0.9999991223903584	
ProductionRule	ProductionRule_SQ->VBP,NP,S,	0.9999991223903584	
ProductionRule	ProductionRule_NP->ADVP,NN,	0.9999991454400481	
ProductionRule	ProductionRule_ADJP->JJR,NN,	0.9999991454400481	
ProductionRule	ProductionRule_NP->RB,DT,ADJP,NN,	0.9999991552215857	
ProductionRule	ProductionRule_ADVP->DT,RB,RB,	0.9999991552215857	
ProductionRule	ProductionRule_VP->VP,SBAR,	0.9999991701525623	
ProductionRule	ProductionRule_VP->VB,ADJP,S,SBAR,	0.9999991765731865	
ProductionRule	ProductionRule_NP->NN,NNP,NNP,NNP,NNP,CC,NNP,	0.9999991806071471	
ProductionRule	ProductionRule_S->S,:,S,:,CC,S,	0.9999991806071471	
ProductionRule	ProductionRule_VP->VBZ,NP,PP,SBAR,	0.9999991806071471	
ProductionRule	ProductionRule_S->ADVP,,,NP,ADVP,VP,	0.9999991806071471	
ProductionRule	ProductionRule_S->NP,VP,:,SBAR,	0.9999992030700048	
ProductionRule	ProductionRule_SQ->MD,RB,NP,VP,	0.9999992160371637	
ProductionRule	ProductionRule_ADVP->RB,NP,PP,	0.9999992276806081	
ProductionRule	ProductionRule_VP->VP,CC,VP,:,SBAR,	0.9999992276806081	
ProductionRule	ProductionRule_NP->ADVP,DT,NN,	0.9999992276806081	
ProductionRule	ProductionRule_VP->VBD,RB,NP,	0.9999992276806081	
ProductionRule	ProductionRule_NP->JJ,FW,FW,	0.9999992441690708	
ProductionRule	ProductionRule_S->NP,VP,'',.,	0.9999992618221769	
ProductionRule	ProductionRule_VP->VBD,NP,PP,PP,	0.9999992664286591	
ProductionRule	ProductionRule_NP->NNP,NNP,NNP,JJ,NNS,	0.9999992794882615	
ProductionRule	ProductionRule_NP->DT,VBG,NN,NN,	0.9999992794882615	
ProductionRule	ProductionRule_NP->DT,RB,JJ,NN,	0.9999992889776766	
ProductionRule	ProductionRule_NP->DT,NNP,NNP,NNS,	0.9999993018011019	
ProductionRule	ProductionRule_NP->NP,PRN,,,NP,PRN,SBAR,	0.9999993018011019	
ProductionRule	ProductionRule_S->NP,VP,,,	0.9999993018011019	
ProductionRule	ProductionRule_ADVP->RBS,RB,	0.9999993471345116	
ProductionRule	ProductionRule_QP->JJR,IN,DT,CD,	0.9999993709844528	
ProductionRule	ProductionRule_S->SBAR,:,NP,VP,.,	0.9999993738453732	
ProductionRule	ProductionRule_VP->VBZ,NP,NP,	0.9999993890057761	
ProductionRule	ProductionRule_NP->DT,NN,CC,NN,	0.9999993961350414	
ProductionRule	ProductionRule_VP->VBZ,ADJP,,,S,	0.9999993961350414	
ProductionRule	ProductionRule_PP->VBN,NP,	0.9999993976609082	
ProductionRule	ProductionRule_NP->NP,VP,SBAR,	0.9999993976609082	
ProductionRule	ProductionRule_PRN->-LRB-,ADJP,-RRB-,	0.9999994082689009	
ProductionRule	ProductionRule_ADJP->JJ,.,	0.9999994082689009	
ProductionRule	ProductionRule_S->``,NP,VP,'',	0.9999994082689009	
ProductionRule	ProductionRule_VP->VBZ,PRN,	0.9999994082689009	
ProductionRule	ProductionRule_VP->VBZ,ADJP,PRN,	0.9999994082689009	
ProductionRule	ProductionRule_S->S,,,CC,SINV,.,	0.9999994223666071	
ProductionRule	ProductionRule_NP->VBG,NN,	0.9999994279157226	
ProductionRule	ProductionRule_NP->NP,ADJP,,,SBAR,	0.9999994314267221	
ProductionRule	ProductionRule_VP->VBZ,CC,VBZ,NP,	0.9999994314267221	
ProductionRule	ProductionRule_ADJP->NP,RB,	0.9999994381613606	
ProductionRule	ProductionRule_FRAG->NP,PP,.,	0.99999945417047	
ProductionRule	ProductionRule_VP->VBN,PP,ADVP,PP,	0.9999994707219992	
ProductionRule	ProductionRule_NP->ADJP,NNP,	0.9999994707219992	
ProductionRule	ProductionRule_ADJP->JJ,CC,RB,JJ,	0.9999995048191108	
ProductionRule	ProductionRule_VP->VBZ,PRT,S,	0.999999516030087	
ProductionRule	ProductionRule_VP->VBG,PP,PP,	0.9999995394259178	
ProductionRule	ProductionRule_NP->NP,FRAG,	0.9999995396481192	
ProductionRule	ProductionRule_QP->CC,CD,	0.9999995811370896	
ProductionRule	ProductionRule_ADJP->NN,SBAR,	0.9999995811370896	
ProductionRule	ProductionRule_S->ADVP,,,SBAR,,,NP,VP,.,	0.9999995811370896	
ProductionRule	ProductionRule_VP->VB,S,S,	0.9999995852541279	
ProductionRule	ProductionRule_SINV->ADVP,VP,NP,	0.9999995852541279	
ProductionRule	ProductionRule_NP->NN,NN,NN,	0.999999591911682	
ProductionRule	ProductionRule_VP->VB,CC,VB,PP,	0.9999995954596906	
ProductionRule	ProductionRule_NP->RB,NP,ADVP,	0.9999995973087703	
ProductionRule	ProductionRule_VP->VBD,S,PP,	0.9999996014346804	
ProductionRule	ProductionRule_NP->NP,NNS,SBAR,	0.9999996014346804	
ProductionRule	ProductionRule_NP->DT,``,NNP,NNP,'',NN,	0.9999996122979254	
ProductionRule	ProductionRule_NP->DT,NN,FW,FW,	0.9999996131342425	
ProductionRule	ProductionRule_S->NP,VP,VP,	0.9999996159999786	
ProductionRule	ProductionRule_VP->VBN,S,SBAR,	0.9999996177304888	
ProductionRule	ProductionRule_NP->NN,S,	0.999999623294995	
ProductionRule	ProductionRule_VP->VBD,PRT,NP,	0.9999996298437875	
ProductionRule	ProductionRule_QP->JJR,IN,DT,NN,	0.9999996374442668	
ProductionRule	ProductionRule_VP->VB,ADJP,NP,	0.9999996551004898	
ProductionRule	ProductionRule_VP->VBG,PP,NP,	0.9999996578639321	
ProductionRule	ProductionRule_S->S,,,CC,IN,S,.,	0.9999996578639321	
ProductionRule	ProductionRule_NP->JJ,S,	0.9999996597395946	
ProductionRule	ProductionRule_PP->VBZ,NP,	0.9999996597395946	
ProductionRule	ProductionRule_NP->PRP,CC,PRP,	0.9999996623136844	
ProductionRule	ProductionRule_NP->NP,NN,PP,	0.9999996639732693	
ProductionRule	ProductionRule_SBAR->PRN,S,	0.9999996680132582	
ProductionRule	ProductionRule_NP->DT,JJ,,,JJ,NN,	0.9999996697303807	
ProductionRule	ProductionRule_NP->DT,JJ,,,JJ,,,NN,NN,	0.9999996697303807	
ProductionRule	ProductionRule_S->SBAR,,,X,NP,VP,	0.9999996739412185	
ProductionRule	ProductionRule_ADJP->JJ,CC,RB,	0.9999996873770135	
ProductionRule	ProductionRule_VP->VBZ,ADVP,ADVP,S,	0.9999996953019996	
ProductionRule	ProductionRule_VP->VBZ,ADVP,ADVP,SBAR,	0.9999996953019996	
ProductionRule	ProductionRule_VP->VBN,PP,PP,,,NP,	0.9999997132408206	
ProductionRule	ProductionRule_NP->RBS,JJ,NNS,	0.9999997132408206	
ProductionRule	ProductionRule_S->NP,ADVP,,,NP,VP,	0.9999997223326093	
ProductionRule	ProductionRule_VP->VBG,NP,PP,SBAR,	0.999999724766116	
ProductionRule	ProductionRule_NP->DT,NN,NN,NN,NN,	0.999999724766116	
ProductionRule	ProductionRule_NP->PRP$,NN,CC,NNS,	0.9999997467977861	
ProductionRule	ProductionRule_PP->IN,PRN,NP,	0.9999997467977861	
ProductionRule	ProductionRule_PRN->,,CC,NP,	0.9999997467977861	
ProductionRule	ProductionRule_NP->INTJ,NP,	0.999999746812313	
ProductionRule	ProductionRule_S->SBAR,,,VP,.,	0.9999997688736666	
ProductionRule	ProductionRule_VP->VBD,ADVP,,,SBAR,	0.9999997691404143	
ProductionRule	ProductionRule_VP->VBG,PRT,NP,S,	0.9999997691404143	
ProductionRule	ProductionRule_NP->S,CC,S,	0.9999997691404143	
ProductionRule	ProductionRule_NP->DT,JJ,NN,'',	0.999999769279027	
ProductionRule	ProductionRule_ADVP->RB,RB,PP,	0.999999769279027	
ProductionRule	ProductionRule_VP->VBD,NP,PP,ADVP,	0.999999769279027	
ProductionRule	ProductionRule_VP->ADVP,VBD,NP,PP,	0.999999769279027	
ProductionRule	ProductionRule_ADVP->DT,NN,	0.9999997697271482	
ProductionRule	ProductionRule_VP->VBZ,ADJP,,,ADVP,	0.9999997716229636	
ProductionRule	ProductionRule_FRAG->PP,.,	0.9999997843207918	
ProductionRule	ProductionRule_FRAG->ADJP,,,SBAR,.,	0.99999978605886	
ProductionRule	ProductionRule_X->DT,ADJP,	0.9999997874067181	
ProductionRule	ProductionRule_NP->PRP$,CD,NN,	0.9999997874067181	
ProductionRule	ProductionRule_SBAR->IN,X,	0.9999997874067181	
ProductionRule	ProductionRule_S->NP,:,ADVP,VP,.,	0.9999997874067181	
ProductionRule	ProductionRule_NP->NP,NN,NN,NN,	0.9999997941647611	
ProductionRule	ProductionRule_VP->VBP,NP,VP,	0.9999998037574955	
ProductionRule	ProductionRule_NP->PRP$,JJS,	0.9999998037574955	
ProductionRule	ProductionRule_VP->ADVP,VBG,PRT,PP,	0.9999998057396455	
ProductionRule	ProductionRule_ADJP->RB,RBR,	0.9999998074002907	
ProductionRule	ProductionRule_S->NP,ADJP,PP,	0.9999998074002907	
ProductionRule	ProductionRule_VP->ADVP,PP,	0.9999998074002907	
ProductionRule	ProductionRule_VP->LS,ADVP,S,	0.9999998085928233	
ProductionRule	ProductionRule_NX->NP,PP,	0.999999808655516	
ProductionRule	ProductionRule_S->S,,,RB,SBARQ,	0.9999998178967667	
ProductionRule	ProductionRule_NP->DT,$,NN,	0.9999998178967667	
ProductionRule	ProductionRule_VP->VBZ,NP,ADJP,	0.9999998233449079	
ProductionRule	ProductionRule_NP->DT,NN,NN,CC,NN,	0.9999998465515821	
ProductionRule	ProductionRule_S->S,CC,,,S,	0.9999998476402474	
ProductionRule	ProductionRule_VP->NP,SBAR,	0.9999998537283364	
ProductionRule	ProductionRule_VP->VBZ,ADJP,PP,S,	0.9999998538162977	
ProductionRule	ProductionRule_NP->DT,JJ,NN,S,	0.9999998597606533	
ProductionRule	ProductionRule_VP->VBG,ADVP,SBAR,	0.9999998635879752	
ProductionRule	ProductionRule_NP->DT,DT,NN,	0.9999998635879752	
ProductionRule	ProductionRule_S->S,SBARQ,	0.9999998648024239	
ProductionRule	ProductionRule_VP->VBP,S,:,S,	0.9999998648024239	
ProductionRule	ProductionRule_ADVP->RBR,RB,	0.999999880178278	
ProductionRule	ProductionRule_VP->VP,,,RB,VP,	0.9999998898014952	
ProductionRule	ProductionRule_CONJP->CC,RB,	0.9999998988735443	
ProductionRule	ProductionRule_PP->PP,CONJP,PP,	0.9999998988735443	
ProductionRule	ProductionRule_NP->DT,JJS,NN,NN,	0.9999999208715217	
ProductionRule	ProductionRule_VP->VBZ,RB,NP,SBAR,	0.9999999382909716	
ProductionRule	ProductionRule_VP->VBN,PP,,,SBAR,	0.9999999471608787	
ProductionRule	ProductionRule_VP->VBP,RB,PP,	0.9999999480844322	
ProductionRule	ProductionRule_VP->VP,,,VP,	0.9999999483943857	
ProductionRule	ProductionRule_VP->ADVP,VBG,SBAR,	0.999999948565042	
ProductionRule	ProductionRule_VP->VBZ,PP,PP,	0.999999948565042	
ProductionRule	ProductionRule_S->RB,VP,.,	0.9999999578276318	
ProductionRule	ProductionRule_VP->VB,PP,S,	0.9999999578276318	
ProductionRule	ProductionRule_PP->IN,WHNP,	0.9999999599848716	
ProductionRule	ProductionRule_NP->PRP$,NX,	0.9999999599848716	
ProductionRule	ProductionRule_VP->VBZ,PP,,,S,	0.9999999599848716	
ProductionRule	ProductionRule_NP->NP,PP,-RRB-,	0.9999999603712333	
ProductionRule	ProductionRule_PP->IN,NP,:,	0.9999999603712333	
ProductionRule	ProductionRule_SINV->FRAG,,,VP,S,.,	0.9999999652116447	
ProductionRule	ProductionRule_NP->NP,PRN,PP,	0.9999999693827377	
ProductionRule	ProductionRule_PRN->:,NP,:,	0.9999999693827377	
ProductionRule	ProductionRule_S->NP,S,VP,.,	0.9999999744472016	
ProductionRule	ProductionRule_NP->PRN,NNS,	0.9999999759241247	
ProductionRule	ProductionRule_UCP->NP,CC,VP,	0.9999999799250426	
ProductionRule	ProductionRule_NP->NP,,,NP,,,NP,,,NP,,,NP,	0.9999999799250426	
ProductionRule	ProductionRule_VP->VBZ,RB,NP,ADVP,,,PP,	0.9999999799250426	
ProductionRule	ProductionRule_S->S,,,CC,SBARQ,.,	0.9999999807399294	
ProductionRule	ProductionRule_SBARQ->WHADVP,S,	0.9999999807399294	
ProductionRule	ProductionRule_NP->PRP$,JJ,NX,	0.9999999810003791	
ProductionRule	ProductionRule_NP->NN,,,NN,CC,NN,	0.9999999810003791	
ProductionRule	ProductionRule_VP->VB,PP,ADVP,SBAR,	0.9999999851475518	
ProductionRule	ProductionRule_VP->ADVP,VBN,NP,	0.9999999861911804	
ProductionRule	ProductionRule_VP->VBN,CC,VBN,PP,	0.9999999861911804	
ProductionRule	ProductionRule_SBAR->WHADJP,S,	0.9999999872237476	
ProductionRule	ProductionRule_WHADJP->WRB,JJ,	0.9999999872237476	
ProductionRule	ProductionRule_S->ADVP,,,RB,NP,VP,.,	0.9999999915530384	
ProductionRule	ProductionRule_VP->VBZ,ADVP,ADVP,	0.9999999949716418	
ProductionRule	ProductionRule_PP->CC,S,	0.9999999949716418	
ProductionRule	ProductionRule_VP->VBZ,PRT,SBAR,	0.9999999961472158	
ProductionRule	ProductionRule_X->ADVP,NP,	1.000000000506137	
ProductionRule	ProductionRule_NP->DT,X,	1.000000000506137	
ProductionRule	ProductionRule_NP->DT,ADVP,NN,	1.000000019988666	
ProductionRule	ProductionRule_VP->VBZ,ADVP,,,S,,,S,	1.0000000208893407	
ProductionRule	ProductionRule_SQ->VBZ,VP,	1.0000000248825716	
ProductionRule	ProductionRule_VP->VB,PRT,NP,SBAR,	1.0000000300026826	
ProductionRule	ProductionRule_CONJP->RB,RB,	1.0000000488207001	
ProductionRule	ProductionRule_NP->NP,,,VP,,,	1.0000000488207001	
ProductionRule	ProductionRule_NP->NN,NNP,	1.0000000488207001	
ProductionRule	ProductionRule_ADVP->RB,RB,S,	1.0000000524784542	
ProductionRule	ProductionRule_VP->MD,ADVP,ADVP,VP,	1.0000000524784542	
ProductionRule	ProductionRule_FRAG->FRAG,CC,FRAG,	1.0000000536175744	
ProductionRule	ProductionRule_VP->VB,IN,S,	1.0000000564513971	
ProductionRule	ProductionRule_NP->DT,JJ,NNP,,,NNP,	1.0000000614288465	
ProductionRule	ProductionRule_VP->RB,VBG,S,	1.0000000614288465	
ProductionRule	ProductionRule_NP->DT,NN,,,CC,NN,	1.0000000614288465	
ProductionRule	ProductionRule_NP->DT,JJS,NNS,	1.0000000663840534	
ProductionRule	ProductionRule_NP->``,NN,'',	1.0000000664920283	
ProductionRule	ProductionRule_NP->NNP,RB,JJ,NN,NN,	1.0000000683831587	
ProductionRule	ProductionRule_NP->DT,NP,NN,	1.0000000683831587	
ProductionRule	ProductionRule_VP->TO,RB,VP,	1.0000000738406283	
ProductionRule	ProductionRule_VP->VBD,PP,ADVP,	1.0000000876652566	
ProductionRule	ProductionRule_S->RB,ADVP,NP,VP,:,	1.0000000884144502	
ProductionRule	ProductionRule_PP->PP,PP,	1.0000000884144502	
ProductionRule	ProductionRule_ADVP->PP,IN,	1.0000000884144502	
ProductionRule	ProductionRule_PP->TO,SBAR,	1.0000000886889768	
ProductionRule	ProductionRule_NP->NN,PRP$,NN,	1.0000000933387365	
ProductionRule	ProductionRule_NP->ADVP,JJ,``,NN,	1.0000000968235148	
ProductionRule	ProductionRule_SINV->PP,VP,NP,	1.0000000968235148	
ProductionRule	ProductionRule_NP->CD,NNP,	1.0000000968235148	
ProductionRule	ProductionRule_PP->IN,NP,NP,	1.0000001233102345	
ProductionRule	ProductionRule_VP->VBD,NP,PRT,PP,	1.0000001287593885	
ProductionRule	ProductionRule_VP->VBZ,ADVP,NP,S,	1.0000001287593885	
ProductionRule	ProductionRule_VP->VB,NP,,,S,	1.0000001419465128	
ProductionRule	ProductionRule_S->RB,ADVP,NP,VP,.,	1.0000001512547554	
ProductionRule	ProductionRule_S->ADVP,ADVP,NP,VP,.,	1.0000001612902396	
ProductionRule	ProductionRule_FRAG->NP,:,S,	1.0000001773240133	
ProductionRule	ProductionRule_FRAG->FRAG,:,FRAG,	1.0000001773240133	
ProductionRule	ProductionRule_FRAG->X,NP,	1.0000001773240133	
ProductionRule	ProductionRule_X->X,PP,	1.0000001773240133	
ProductionRule	ProductionRule_NP->VBG,JJ,JJ,NN,	1.0000001773240133	
ProductionRule	ProductionRule_VP->NN,NP,ADVP,	1.0000001780544576	
ProductionRule	ProductionRule_ADVP->RB,RB,SBAR,	1.0000001780544576	
ProductionRule	ProductionRule_PP->NP,IN,NP,	1.000000184466305	
ProductionRule	ProductionRule_NP->DT,VP,NN,	1.0000001873427249	
ProductionRule	ProductionRule_NP->DT,VBG,JJ,NN,	1.0000002072619156	
ProductionRule	ProductionRule_S->NP,,,SBAR,,,VP,.,	1.0000002072619156	
ProductionRule	ProductionRule_NP->NN,NN,NNS,	1.0000002269434798	
ProductionRule	ProductionRule_NP->NP,SBAR,,,	1.0000002364312945	
ProductionRule	ProductionRule_ADJP->JJ,JJ,	1.0000002589594756	
ProductionRule	ProductionRule_VP->VBZ,ADJP,ADVP,	1.0000002682498157	
ProductionRule	ProductionRule_NP->CD,CC,CD,NNS,	1.000000279558904	
ProductionRule	ProductionRule_NP->RB,JJR,	1.000000279558904	
ProductionRule	ProductionRule_NP->PDT,DT,JJ,NNS,	1.0000002801857062	
ProductionRule	ProductionRule_VP->VB,ADVP,PP,ADVP,	1.0000002807568489	
ProductionRule	ProductionRule_NP->RB,JJ,	1.0000002870506792	
ProductionRule	ProductionRule_SINV->PP,VP,NP,.,	1.0000002879635121	
ProductionRule	ProductionRule_SBAR->IN,S,.,	1.0000002928374625	
ProductionRule	ProductionRule_NP->NP,NP,,,PP,	1.0000002938280688	
ProductionRule	ProductionRule_ADVP->JJ,PP,	1.0000002990843329	
ProductionRule	ProductionRule_S->S,.,	1.0000002990843329	
ProductionRule	ProductionRule_VP->ADVP,VBP,NP,	1.000000306956864	
ProductionRule	ProductionRule_QP->IN,TO,CD,CD,	1.0000003108085374	
ProductionRule	ProductionRule_NP->NP,:,NP,.,	1.000000318044934	
ProductionRule	ProductionRule_VP->VBD,PRT,PP,	1.0000003237114814	
ProductionRule	ProductionRule_VP->VBP,ADVP,ADJP,	1.0000003266034307	
ProductionRule	ProductionRule_VP->NP,NP,PP,	1.0000003277368006	
ProductionRule	ProductionRule_S->SBAR,,,ADVP,VP,.,	1.0000003384804284	
ProductionRule	ProductionRule_S->NP,SBAR,NP,VP,.,	1.0000003595849223	
ProductionRule	ProductionRule_VP->VBN,PRT,PP,ADVP,	1.0000003780551558	
ProductionRule	ProductionRule_NP->NP,-LRB-,NP,-RRB-,	1.0000003780551558	
ProductionRule	ProductionRule_VP->VBD,UCP,	1.0000003991566344	
ProductionRule	ProductionRule_UCP->NP,CC,SBAR,	1.0000003991566344	
ProductionRule	ProductionRule_S->NP,PP,	1.0000004033455079	
ProductionRule	ProductionRule_ADJP->JJR,SBAR,	1.0000004041828627	
ProductionRule	ProductionRule_NP->RB,DT,JJ,NNS,	1.0000004077511753	
ProductionRule	ProductionRule_PP->TO,PP,	1.000000416481961	
ProductionRule	ProductionRule_NP->NP,CC,NP,CC,NP,	1.000000416481961	
ProductionRule	ProductionRule_NP->NP,,,NP,,,NP,,,NP,,,NP,,,NP,,,NP,,,NP,,,NP,,,NP,,,NP,,,NP,,,NP,,,NP,,,NP,,,CC,NP,	1.000000417936149	
ProductionRule	ProductionRule_NP->NP,:,NP,X,	1.000000417936149	
ProductionRule	ProductionRule_X->IN,NP,	1.000000417936149	
ProductionRule	ProductionRule_ADJP->JJR,S,	1.0000004179666446	
ProductionRule	ProductionRule_X->NP,NP,NP,	1.0000004388161905	
ProductionRule	ProductionRule_VP->VBZ,ADVP,NP,SBAR,	1.0000004505323052	
ProductionRule	ProductionRule_NP->VBZ,NP,	1.0000004558340976	
ProductionRule	ProductionRule_VP->VBZ,ADVP,ADVP,NP,	1.0000004580682624	
ProductionRule	ProductionRule_VP->VBZ,RB,NP,,,SBAR,	1.000000480672162	
ProductionRule	ProductionRule_S->S,S,S,,,S,	1.000000480672162	
ProductionRule	ProductionRule_VP->MD,ADVP,	1.000000480672162	
ProductionRule	ProductionRule_S->``,NP,'',VP,	1.000000487936513	
ProductionRule	ProductionRule_VP->VBZ,PP,:,S,	1.000000487936513	
ProductionRule	ProductionRule_PP->PP,,,CC,RB,PP,	1.000000487936513	
ProductionRule	ProductionRule_VP->``,VBN,'',PP,	1.000000487936513	
ProductionRule	ProductionRule_NP->JJ,JJ,NN,NNS,	1.0000004942227794	
ProductionRule	ProductionRule_VP->VBZ,NP,S,	1.000000505139886	
ProductionRule	ProductionRule_VP->VP,,,CC,ADVP,VP,	1.0000005214810224	
ProductionRule	ProductionRule_S->ADVP,PP,NP,VP,.,	1.0000005214810224	
ProductionRule	ProductionRule_NP->PRP$,VBN,NN,	1.0000005320468743	
ProductionRule	ProductionRule_VP->VBD,ADVP,PRN,	1.0000005474612734	
ProductionRule	ProductionRule_PRN->CC,SBAR,	1.0000005474612734	
ProductionRule	ProductionRule_VP->VBP,NP,PP,,,PP,	1.0000005493894721	
ProductionRule	ProductionRule_QP->IN,$,CD,CC,$,CD,CD,	1.0000005493894721	
ProductionRule	ProductionRule_X->X,NP,	1.000000582263382	
ProductionRule	ProductionRule_VP->VBZ,ADJP,PP,SBAR,	1.0000005858981214	
ProductionRule	ProductionRule_PP->RB,IN,SBAR,	1.0000005865694803	
ProductionRule	ProductionRule_VP->VB,NP,PP,,,S,	1.0000005928815123	
ProductionRule	ProductionRule_S->S,,,CC,ADVP,S,.,	1.0000005928815123	
ProductionRule	ProductionRule_NP->PRP$,ADJP,NNS,	1.000000595976243	
ProductionRule	ProductionRule_S->NP,VP,CC,S,	1.0000005991549856	
ProductionRule	ProductionRule_NP->DT,JJ,CC,JJ,	1.0000005991549856	
ProductionRule	ProductionRule_FRAG->``,ADJP,.,'',	1.000000604694899	
ProductionRule	ProductionRule_ADJP->NP,CC,ADJP,	1.000000604694899	
ProductionRule	ProductionRule_ADJP->NP,JJR,	1.0000006269232649	
ProductionRule	ProductionRule_NP->NP,PP,S,	1.0000006557071557	
ProductionRule	ProductionRule_NP->PRP$,NN,CC,NN,	1.0000006662882146	
ProductionRule	ProductionRule_SBAR->IN,S,,,	1.0000006662882146	
ProductionRule	ProductionRule_SBAR->RB,S,	1.000000692198459	
ProductionRule	ProductionRule_NP->NP,ADVP,SBAR,	1.0000006926868703	
ProductionRule	ProductionRule_INTJ->JJ,.,	1.0000006941973028	
ProductionRule	ProductionRule_VP->VBP,NP,,,SBAR,	1.000000708081559	
ProductionRule	ProductionRule_VP->VBP,NP,ADVP,	1.0000007150071066	
ProductionRule	ProductionRule_ADVP->DT,RP,	1.000000722205677	
ProductionRule	ProductionRule_ADJP->IN,PP,	1.000000722205677	
ProductionRule	ProductionRule_ADJP->CC,ADJP,CC,ADJP,	1.0000007595552436	
ProductionRule	ProductionRule_VP->VB,ADVP,ADJP,	1.0000007595552436	
ProductionRule	ProductionRule_SBAR->UCP,S,	1.0000007623949585	
ProductionRule	ProductionRule_VP->VBN,CC,VBN,	1.00000076507815	
ProductionRule	ProductionRule_VP->VBG,NP,SBAR,	1.0000007755372966	
ProductionRule	ProductionRule_ADJP->ADJP,PP,.,	1.000000777813138	
ProductionRule	ProductionRule_FRAG->,,NP,	1.0000007905942025	
ProductionRule	ProductionRule_NP->NP,,,FRAG,	1.0000007905942025	
ProductionRule	ProductionRule_ADJP->VBN,SBAR,	1.000000832363435	
ProductionRule	ProductionRule_PP->IN,NP,PP,	1.0000008325693337	
ProductionRule	ProductionRule_NP->NP,VP,.,	1.0000008394068551	
ProductionRule	ProductionRule_VP->VBD,ADVP,VP,	1.000000844875587	
ProductionRule	ProductionRule_NP->JJR,NN,NN,NNS,	1.000000844875587	
ProductionRule	ProductionRule_VP->VBZ,ADVP,SBAR,	1.0000008538476939	
ProductionRule	ProductionRule_VP->VB,,,FRAG,	1.000000888408753	
ProductionRule	ProductionRule_NP->NP,NNP,JJ,NN,	1.000000888408753	
ProductionRule	ProductionRule_FRAG->PP,,,NP,.,	1.000000888408753	
ProductionRule	ProductionRule_SQ->VBP,NP,ADJP,.,	1.0000009137405188	
ProductionRule	ProductionRule_VP->ADVP,VB,VP,	1.0000009268564791	
ProductionRule	ProductionRule_NP->LS,RB,	1.0000009287791531	
ProductionRule	ProductionRule_S->S,S,.,	1.0000009770297473	
ProductionRule	ProductionRule_NP->NN,SBAR,	1.000000989843796	
ProductionRule	ProductionRule_S->S,,,RB,S,.,	1.0000009955330826	
ProductionRule	ProductionRule_VP->MD,S,	1.000001002299446	
ProductionRule	ProductionRule_VP->VP,,,ADVP,VP,	1.0000010068655338	
ProductionRule	ProductionRule_NP->PRP$,NN,,,NN,CC,JJ,NN,	1.0000010068655338	
ProductionRule	ProductionRule_FRAG->INTJ,,,ADVP,NP,	1.0000010190662831	
ProductionRule	ProductionRule_VP->VBD,CC,VBD,PP,	1.0000010190662831	
ProductionRule	ProductionRule_NP->VBN,NN,RB,	1.0000010190662831	
ProductionRule	ProductionRule_NP->NP,SBAR,.,	1.0000010190662831	
ProductionRule	ProductionRule_ADVP->RB,ADVP,	1.0000010938836927	
ProductionRule	ProductionRule_ADJP->JJ,,,JJ,,,JJ,CC,JJ,	1.0000011214880056	
ProductionRule	ProductionRule_VP->VBP,NP,PP,,,NP,	1.0000011257809596	
ProductionRule	ProductionRule_NP->JJ,JJ,JJ,NNS,	1.0000011315040074	
ProductionRule	ProductionRule_ADJP->NN,PP,	1.0000011321655005	
ProductionRule	ProductionRule_PP->IN,NP,.,	1.0000011706739584	
ProductionRule	ProductionRule_S->ADVP,,,SBAR,NP,VP,.,	1.0000011748167792	
ProductionRule	ProductionRule_ADVP->RB,IN,	1.000001203970868	
ProductionRule	ProductionRule_VP->``,VB,'',NP,	1.000001203970868	
ProductionRule	ProductionRule_VP->VB,NP,ADJP,	1.0000012753430263	
ProductionRule	ProductionRule_S->ADVP,,,PP,NP,VP,.,	1.0000012771896354	
ProductionRule	ProductionRule_NP->DT,VBN,NN,	1.0000012903221644	
ProductionRule	ProductionRule_NP->PDT,NP,	1.0000013081462982	
ProductionRule	ProductionRule_ADJP->ADVP,NN,	1.000001314436813	
ProductionRule	ProductionRule_NP->DT,JJ,JJ,JJ,NNS,	1.000001314436813	
ProductionRule	ProductionRule_NP->CD,CD,NN,	1.000001314436813	
ProductionRule	ProductionRule_S->PP,NP,PP,VP,	1.000001314436813	
ProductionRule	ProductionRule_VP->VB,PRN,	1.000001314436813	
ProductionRule	ProductionRule_VP->VBP,PRT,NP,	1.000001314436813	
ProductionRule	ProductionRule_NP->RB,NNS,	1.000001314436813	
ProductionRule	ProductionRule_VP->VBZ,ADVP,RB,ADJP,ADVP,	1.0000013215407015	
ProductionRule	ProductionRule_ADVP->RB,CC,RB,	1.0000013229227345	
ProductionRule	ProductionRule_SINV->VP,NP,	1.0000013229227345	
ProductionRule	ProductionRule_SQ->VBZ,NP,NP,.,	1.0000013368941794	
ProductionRule	ProductionRule_VP->VBZ,NP,VP,	1.0000013368941794	
ProductionRule	ProductionRule_NP->PRP$,NNS,CC,NNS,	1.0000013577343896	
ProductionRule	ProductionRule_VP->VP,,,S,	1.0000013695720387	
ProductionRule	ProductionRule_SBAR->IN,SBAR,	1.0000013695720387	
ProductionRule	ProductionRule_S->ADVP,PRN,ADVP,NP,VP,.,	1.0000013695720387	
ProductionRule	ProductionRule_PRN->,,SBAR,,,	1.0000013695720387	
ProductionRule	ProductionRule_VP->VBZ,PRT,PP,	1.0000013831898562	
ProductionRule	ProductionRule_NP->DT,``,S,'',NN,	1.0000013831898562	
ProductionRule	ProductionRule_SQ->VBP,NP,VP,.,	1.000001424791631	
ProductionRule	ProductionRule_NP->DT,NNP,NNS,NN,	1.0000014296922486	
ProductionRule	ProductionRule_VP->ADVP,VB,PP,	1.0000014868196365	
ProductionRule	ProductionRule_S->NP,:,NP,.,	1.0000014873472585	
ProductionRule	ProductionRule_NP->SBAR,CC,NP,	1.0000014873472585	
ProductionRule	ProductionRule_VP->VB,ADVP,ADVP,	1.0000015101310238	
ProductionRule	ProductionRule_S->S,NP,VP,.,	1.0000015115142813	
ProductionRule	ProductionRule_ADVP->DT,NN,SBAR,	1.0000015133821776	
ProductionRule	ProductionRule_NP->NP,'',PP,	1.000001525542275	
ProductionRule	ProductionRule_VP->VBN,NP,ADVP,PP,NP,	1.0000015620597882	
ProductionRule	ProductionRule_VP->VBZ,RB,ADVP,VP,	1.0000016021124514	
ProductionRule	ProductionRule_S->ADVP,NP,	1.0000016142626549	
ProductionRule	ProductionRule_WHADVP->WRB,ADJP,	1.0000016198825852	
ProductionRule	ProductionRule_VP->VBZ,ADVP,NP,	1.0000016604103183	
ProductionRule	ProductionRule_NP->NNS,,,NNS,CC,NNS,	1.0000016801029887	
ProductionRule	ProductionRule_VP->ADVP,VBZ,NP,ADVP,	1.0000016801029887	
ProductionRule	ProductionRule_S->PP,,,S,:,S,	1.0000016807321424	
ProductionRule	ProductionRule_S->SBAR,:,``,ADVP,NP,VP,.,'',	1.0000016807321424	
ProductionRule	ProductionRule_VP->VP,,,CONJP,VP,	1.000001681821474	
ProductionRule	ProductionRule_FRAG->S,:,FRAG,.,	1.0000016959631801	
ProductionRule	ProductionRule_S->S,:,S,	1.0000016968378296	
ProductionRule	ProductionRule_VP->ADVP,VB,	1.0000016970217434	
ProductionRule	ProductionRule_NP->PRP$,JJ,NN,SBAR,	1.0000017235568186	
ProductionRule	ProductionRule_PP->TO,ADJP,	1.0000017389249058	
ProductionRule	ProductionRule_NP->PRP$,ADJP,	1.0000017463518833	
ProductionRule	ProductionRule_NP->NP,X,	1.0000017571988553	
ProductionRule	ProductionRule_FRAG->SBAR,.,	1.0000017609878245	
ProductionRule	ProductionRule_VP->MD,ADVP,S,SBAR,	1.0000017681895348	
ProductionRule	ProductionRule_NP->DT,QP,	1.0000017882106413	
ProductionRule	ProductionRule_S->SBARQ,NP,VP,.,	1.0000018343494583	
ProductionRule	ProductionRule_S->SBAR,,,ADVP,VP,	1.0000018414923912	
ProductionRule	ProductionRule_S->NP,,,ADVP,VP,.,	1.000001851925405	
ProductionRule	ProductionRule_SBAR->IN,NP,	1.000001858175137	
ProductionRule	ProductionRule_NP->PRP$,NN,NN,NN,	1.000001868893102	
ProductionRule	ProductionRule_VP->TO,NP,	1.0000018884685213	
ProductionRule	ProductionRule_NP->NP,NN,S,	1.0000018884685213	
ProductionRule	ProductionRule_SQ->VBD,NP,VP,	1.0000018884685213	
ProductionRule	ProductionRule_SBARQ->WHADVP,PRN,SQ,.,	1.0000018884685213	
ProductionRule	ProductionRule_VP->LS,ADVP,VP,	1.000001889003158	
ProductionRule	ProductionRule_FRAG->ADJP,SBAR,.,	1.000001889003158	
ProductionRule	ProductionRule_NP->PRP,NNPS,	1.000001891795486	
ProductionRule	ProductionRule_FRAG->ADVP,:,SBAR,.,	1.0000018972737483	
ProductionRule	ProductionRule_SBAR->RB,RB,S,	1.000001916554557	
ProductionRule	ProductionRule_S->PP,S,CC,S,	1.000001916554557	
ProductionRule	ProductionRule_VP->S,,,VP,	1.000001916554557	
ProductionRule	ProductionRule_S->S,RB,,,S,CC,S,.,	1.000001916554557	
ProductionRule	ProductionRule_NP->RB,RB,	1.000001944963238	
ProductionRule	ProductionRule_SBAR->RB,IN,S,.,	1.0000019824923216	
ProductionRule	ProductionRule_NP->VBN,NN,NN,	1.0000019824923216	
ProductionRule	ProductionRule_NP->NNP,NNP,.,	1.0000019987981843	
ProductionRule	ProductionRule_NP->ADJP,NN,NNS,	1.0000020145948332	
ProductionRule	ProductionRule_PP->CC,NP,	1.0000020898816075	
ProductionRule	ProductionRule_ADJP->RB,NN,	1.0000021089025375	
ProductionRule	ProductionRule_S->S,,,RB,S,	1.0000021089025375	
ProductionRule	ProductionRule_SBAR->IN,,,S,	1.0000021615488088	
ProductionRule	ProductionRule_FRAG->ADVP,,,PP,.,	1.0000021623350963	
ProductionRule	ProductionRule_ADVP->IN,DT,	1.0000022593468512	
ProductionRule	ProductionRule_VP->VB,``,ADJP,'',ADVP,S,	1.0000022628429295	
ProductionRule	ProductionRule_NP->DT,``,JJ,NN,'',	1.0000022628429295	
ProductionRule	ProductionRule_VP->VBP,ADJP,NP,	1.0000022748134023	
ProductionRule	ProductionRule_SINV->VBZ,NP,VP,	1.0000022844783107	
ProductionRule	ProductionRule_S->SINV,:,S,.,	1.0000022844783107	
ProductionRule	ProductionRule_NP->NP,PRN,	1.0000022902744212	
ProductionRule	ProductionRule_VP->VBG,``,NP,'',PP,	1.00000230300203	
ProductionRule	ProductionRule_VP->VBG,NP,PRT,PP,	1.00000230300203	
ProductionRule	ProductionRule_NP->NP,CC,NP,,,	1.00000230300203	
ProductionRule	ProductionRule_VP->ADVP,VBN,ADVP,	1.00000230300203	
ProductionRule	ProductionRule_VP->VBP,ADVP,NP,PP,	1.0000023235403481	
ProductionRule	ProductionRule_VP->VBP,ADVP,NP,PP,PP,	1.0000023805325056	
ProductionRule	ProductionRule_VP->VBZ,ADVP,RB,ADJP,SBAR,	1.0000023815213055	
ProductionRule	ProductionRule_S->S,,,S,	1.0000023842784145	
ProductionRule	ProductionRule_VP->VBP,RB,ADVP,ADJP,	1.0000023887414051	
ProductionRule	ProductionRule_ADJP->NP,JJ,SBAR,	1.0000023887414051	
ProductionRule	ProductionRule_S->NP,VP,SBAR,.,	1.0000023887414051	
ProductionRule	ProductionRule_NP->NP,PP,NN,	1.0000024068739999	
ProductionRule	ProductionRule_SBAR->SBAR,:,PRN,	1.0000024128040388	
ProductionRule	ProductionRule_VP->VBN,PP,PP,SBAR,	1.0000024128040388	
ProductionRule	ProductionRule_ADVP->RB,SBAR,	1.0000024902243028	
ProductionRule	ProductionRule_S->``,ADVP,NP,VP,.,'',	1.0000024902243028	
ProductionRule	ProductionRule_SBAR->RB,RB,IN,S,	1.000002498786952	
ProductionRule	ProductionRule_VP->VBZ,RB,ADJP,,,SBAR,	1.000002498786952	
ProductionRule	ProductionRule_ADJP->JJ,JJS,	1.0000025188219022	
ProductionRule	ProductionRule_RRC->ADVP,ADJP,	1.0000025422464618	
ProductionRule	ProductionRule_WHADVP->WRB,RB,	1.0000026515352376	
ProductionRule	ProductionRule_FRAG->WHADVP,NP,.,	1.0000026515352376	
ProductionRule	ProductionRule_VP->VBG,PRT,PP,	1.00000265879151	
ProductionRule	ProductionRule_VP->VBP,PRT,	1.0000026912041524	
ProductionRule	ProductionRule_VP->VBZ,NP,,,SBAR,	1.00000270081043	
ProductionRule	ProductionRule_NP->FW,FW,FW,FW,	1.0000027749140048	
ProductionRule	ProductionRule_NP->NP,POS,	1.0000029345216468	
ProductionRule	ProductionRule_NP->FW,FW,NN,	1.0000030435961675	
ProductionRule	ProductionRule_VP->VBN,ADVP,SBAR,	1.0000030881662192	
ProductionRule	ProductionRule_ADVP->NN,IN,	1.0000031045777424	
ProductionRule	ProductionRule_VP->VBZ,ADVP,NP,,,SBAR,	1.00000312104628	
ProductionRule	ProductionRule_VP->VB,PRT,NP,ADVP,,,PP,	1.00000312104628	
ProductionRule	ProductionRule_VP->VB,PRT,UCP,	1.0000032078568122	
ProductionRule	ProductionRule_VP->TO,ADVP,VP,	1.000003244403318	
ProductionRule	ProductionRule_X->DT,RBR,	1.000003266065334	
ProductionRule	ProductionRule_X->DT,JJR,	1.000003266065334	
ProductionRule	ProductionRule_VP->VBP,PP,PP,	1.0000032939133516	
ProductionRule	ProductionRule_VP->MD,ADVP,RB,VP,	1.000003307844147	
ProductionRule	ProductionRule_NP->PRP,NNS,	1.000003352519959	
ProductionRule	ProductionRule_VP->MD,RB,S,	1.0000033704743003	
ProductionRule	ProductionRule_VP->VBP,NP,ADVP,SBAR,	1.0000034230953536	
ProductionRule	ProductionRule_NP->CD,NP,NNS,	1.0000034457745213	
ProductionRule	ProductionRule_NP->DT,NNP,NNP,NN,	1.000003462435624	
ProductionRule	ProductionRule_S->PP,,,NP,ADVP,VP,.,	1.000003462435624	
ProductionRule	ProductionRule_SQ->MD,NP,VP,.,	1.0000034787592569	
ProductionRule	ProductionRule_QP->RB,CD,CD,	1.0000034787592569	
ProductionRule	ProductionRule_QP->JJR,IN,CD,CD,	1.0000034787592569	
ProductionRule	ProductionRule_NP->DT,JJ,JJR,NN,	1.0000034787592569	
ProductionRule	ProductionRule_SBAR->CC,S,	1.0000034959065711	
ProductionRule	ProductionRule_ADVP->ADVP,IN,	1.0000036038454532	
ProductionRule	ProductionRule_VP->VB,FRAG,	1.0000037026268165	
ProductionRule	ProductionRule_NP->DT,ADJP,JJ,NN,	1.0000037143356746	
ProductionRule	ProductionRule_VP->VBD,CC,VBD,NP,,,S,	1.0000037354931686	
ProductionRule	ProductionRule_PP->DT,IN,NP,	1.0000037493379108	
ProductionRule	ProductionRule_NP->NP,,,NP,	1.0000037846256231	
ProductionRule	ProductionRule_NP->PRP$,JJ,NN,NNS,	1.0000038450221491	
ProductionRule	ProductionRule_VP->VB,ADVP,,,NP,	1.0000038450221491	
ProductionRule	ProductionRule_VP->VB,S,,,SBAR,	1.00000395326254	
ProductionRule	ProductionRule_VP->VB,CC,VB,	1.0000039723023453	
ProductionRule	ProductionRule_VP->VB,NP,ADVP,SBAR,	1.0000039975069748	
ProductionRule	ProductionRule_VP->VBD,PP,ADVP,,,SBAR,,,S,	1.000004054931748	
ProductionRule	ProductionRule_NP->JJR,NN,S,	1.000004054931748	
ProductionRule	ProductionRule_VP->VP,,,VP,CC,VP,	1.000004054931748	
ProductionRule	ProductionRule_VP->ADVP,VBN,SBAR,	1.0000040922060929	
ProductionRule	ProductionRule_ADVP->RB,RBR,	1.0000041640705597	
ProductionRule	ProductionRule_S->X,NP,VP,	1.0000041869668685	
ProductionRule	ProductionRule_S->S,CC,S,,,CC,S,	1.0000041869668685	
ProductionRule	ProductionRule_SBAR->``,S,	1.0000043297502328	
ProductionRule	ProductionRule_VP->VB,ADVP,ADVP,,,SBAR,	1.0000044173367093	
ProductionRule	ProductionRule_S->S,ADVP,VP,	1.0000044173367093	
ProductionRule	ProductionRule_ADJP->``,JJ,'',	1.0000044648380537	
ProductionRule	ProductionRule_ADJP->JJ,CC,JJ,S,	1.000004499927758	
ProductionRule	ProductionRule_NP->ADJP,NNPS,	1.00000453566435	
ProductionRule	ProductionRule_NP->NN,CD,NNP,	1.00000453566435	
ProductionRule	ProductionRule_ADVP->IN,PP,	1.000004546806728	
ProductionRule	ProductionRule_ADJP->RB,ADVP,JJ,	1.0000047847031701	
ProductionRule	ProductionRule_S->S,CC,S,CC,S,	1.0000047915029024	
ProductionRule	ProductionRule_NP->DT,``,NN,'',	1.0000048082369517	
ProductionRule	ProductionRule_NP->DT,ADJP,	1.0000048316168342	
ProductionRule	ProductionRule_VP->VB,PRT,PP,	1.0000048998117828	
ProductionRule	ProductionRule_VP->VBG,IN,	1.000005014477932	
ProductionRule	ProductionRule_VP->VB,,,S,	1.000005014477932	
ProductionRule	ProductionRule_ADJP->RB,RB,JJ,PP,	1.000005014477932	
ProductionRule	ProductionRule_PP->JJ,IN,SQ,	1.0000050376941785	
ProductionRule	ProductionRule_ADJP->NN,S,	1.0000050376941785	
ProductionRule	ProductionRule_NP->DT,ADJP,NN,NN,NN,ADJP,NN,	1.0000050376941785	
ProductionRule	ProductionRule_SQ->VP,NP,PRN,SBAR,	1.0000050376941785	
ProductionRule	ProductionRule_ADVP->NP,RB,	1.000005162574568	
ProductionRule	ProductionRule_NP->NP,JJ,NN,	1.0000051738264113	
ProductionRule	ProductionRule_NP->QP,NNS,	1.0000053413842913	
ProductionRule	ProductionRule_NP->NNS,NN,	1.000005342913452	
ProductionRule	ProductionRule_SBAR->X,S,	1.0000054103946248	
ProductionRule	ProductionRule_S->NP,,,ADVP,,,VP,.,	1.0000056475224066	
ProductionRule	ProductionRule_NP->NNPS,CC,NNPS,	1.0000056773434627	
ProductionRule	ProductionRule_NP->DT,NN,POS,	1.0000057020988529	
ProductionRule	ProductionRule_NP->NNP,CD,	1.0000057410420498	
ProductionRule	ProductionRule_S->ADVP,NP,VP,	1.0000061327186145	
ProductionRule	ProductionRule_PP->TO,S,	1.0000062965272896	
ProductionRule	ProductionRule_VP->VB,PRT,NP,	1.0000064377771598	
ProductionRule	ProductionRule_VP->VBD,ADVP,	1.0000065619992722	
ProductionRule	ProductionRule_NP->NP,,,NP,,,NP,,,NP,	1.0000067525897642	
ProductionRule	ProductionRule_PP->IN,ADVP,	1.0000068004102947	
ProductionRule	ProductionRule_SQ->VBZ,NP,ADJP,.,	1.0000069385443617	
ProductionRule	ProductionRule_S->NP,NP,VP,.,	1.0000071690259245	
ProductionRule	ProductionRule_VP->VB,NP,NP,SBAR,	1.000007595808134	
ProductionRule	ProductionRule_NP->NP,,,NP,CC,NP,	1.0000076449149207	
ProductionRule	ProductionRule_FRAG->ADJP,,,NP,.,	1.0000078919693536	
ProductionRule	ProductionRule_NP->NN,DT,NN,	1.0000078919693536	
ProductionRule	ProductionRule_ADJP->JJ,,,JJ,,,JJ,,,CC,JJ,JJ,	1.0000080160364244	
ProductionRule	ProductionRule_NP->NP,PP,.,	1.0000080160364244	
ProductionRule	ProductionRule_NP->JJ,,,ADJP,NNS,	1.0000080160364244	
ProductionRule	ProductionRule_NP->DT,ADJP,NN,S,	1.000008229726095	
ProductionRule	ProductionRule_VP->VBD,NP,SBAR,	1.00000850167817	
ProductionRule	ProductionRule_VP->VBG,CC,VBG,NP,PP,	1.0000086654025715	
ProductionRule	ProductionRule_NP->NN,,,JJ,NNS,	1.0000086654025715	
ProductionRule	ProductionRule_ADJP->RB,DT,	1.0000089912771144	
ProductionRule	ProductionRule_ADVP->ADVP,SBAR,	1.0000090509348705	
ProductionRule	ProductionRule_VP->VB,PRT,S,	1.000009080954062	
ProductionRule	ProductionRule_NP->NNS,POS,	1.0000090999833007	
ProductionRule	ProductionRule_NP->DT,FW,FW,	1.000009109568361	
ProductionRule	ProductionRule_S->S,,,NP,VP,	1.0000091371014723	
ProductionRule	ProductionRule_VP->VBD,ADJP,	1.0000100474239557	
ProductionRule	ProductionRule_PRN->S,,,	1.0000100607976659	
ProductionRule	ProductionRule_NP->DT,PRP,	1.0000106828370228	
ProductionRule	ProductionRule_ADJP->DT,CC,DT,	1.000011026446531	
ProductionRule	ProductionRule_NP->DT,NNP,NN,	1.0000112079047856	
ProductionRule	ProductionRule_NP->DT,NN,RB,	1.0000114883085494	
ProductionRule	ProductionRule_VP->VBG,PRT,	1.0000119360248672	
ProductionRule	ProductionRule_NP->DT,NNP,CC,NNP,	1.000012205101248	
ProductionRule	ProductionRule_VP->VBG,PRT,NP,	1.0000124790647194	
ProductionRule	ProductionRule_PRN->-LRB-,NP,-RRB-,	1.0000128915642357	
ProductionRule	ProductionRule_VP->VBZ,NP,PP,	1.0000130403135952	
ProductionRule	ProductionRule_NP->NN,CC,NN,NN,	1.0000133523718597	
ProductionRule	ProductionRule_WHADVP->WDT,NN,	1.0000133523718597	
ProductionRule	ProductionRule_VP->VP,:,SBAR,	1.0000133523718597	
ProductionRule	ProductionRule_SBAR->SBAR,:,CC,SBAR,	1.0000133523718597	
ProductionRule	ProductionRule_NP->WP,NN,	1.0000133523718597	
ProductionRule	ProductionRule_S->NP,:,VP,	1.0000133523718597	
ProductionRule	ProductionRule_NP->PRP$,ADJP,JJ,NN,	1.0000133523718597	
ProductionRule	ProductionRule_NP->NP,:,NP,:,SBAR,	1.0000133523718597	
ProductionRule	ProductionRule_FRAG->CC,NP,	1.0000137659677377	
ProductionRule	ProductionRule_NP->ADJP,NN,	1.0000153147322135	
ProductionRule	ProductionRule_SBAR->IN,NN,S,	1.0000160201982564	
ProductionRule	ProductionRule_NP->NP,CONJP,NP,	1.0000161843904842	
ProductionRule	ProductionRule_VP->VBG,SBAR,	1.0000178463868448	
ProductionRule	ProductionRule_S->S,CC,S,	1.000018940471929	
ProductionRule	ProductionRule_S->NP,ADJP,	1.0000201248490046	
ProductionRule	ProductionRule_VP->VB,NP,PRT,	1.0000219339448813	
ProductionRule	ProductionRule_S->PP,NP,VP,	1.0000228543533232	
ProductionRule	ProductionRule_VP->VBD,NP,PP,SBAR,	1.000022874275047	
ProductionRule	ProductionRule_VP->VBD,NP,PP,	1.000023197689363	
ProductionRule	ProductionRule_VP->VB,ADVP,PP,	1.0000251183653437	
ProductionRule	ProductionRule_NP->DT,JJS,	1.0000278753997685	
ProductionRule	ProductionRule_VP->VBP,NP,SBAR,	1.0000308850755943	
ProductionRule	ProductionRule_NP->NP,NN,	1.0000385339301214	
ProductionRule	ProductionRule_VP->VBG,NP,PP,	1.0000400501304054	
ProductionRule	ProductionRule_VP->VBD,S,	1.0000456031223997	
ProductionRule	ProductionRule_NP->DT,JJ,NN,NN,	1.000052155466404	
ProductionRule	ProductionRule_NP->DT,NNP,	1.0000530328327708	
ProductionRule	ProductionRule_NP->NP,VP,	1.0000569306846223	
ProductionRule	ProductionRule_PRN->-LRB-,S,-RRB-,	1.0000592992602049	
ProductionRule	ProductionRule_VP->VBZ,VP,	1.0000686191037178	
ProductionRule	ProductionRule_NP->NP,NP,	1.0000697048153753	
ProductionRule	ProductionRule_NP->NN,CC,NN,	1.0000778450155994	
ProductionRule	ProductionRule_S->S,,,CC,S,.,	1.0000796139309673	
ProductionRule	ProductionRule_NP->JJ,NNS,	1.0001250368102916	
ProductionRule	ProductionRule_VP->VBZ,S,	1.0001524626707174	
ProductionRule	ProductionRule_VP->VB,S,	1.000157495799036	
ProductionRule	ProductionRule_VP->VB,ADJP,	1.0001767914623267	
ProductionRule	ProductionRule_VP->VBP,SBAR,	1.0001841667276488	
ProductionRule	ProductionRule_NP->NN,NN,	1.0001971788397248	
ProductionRule	ProductionRule_VP->MD,RB,VP,	1.0002304657757366	
ProductionRule	ProductionRule_NP->DT,JJ,NN,	1.0006259665741868	
ProductionRule	ProductionRule_NP->NP,SBAR,	1.000815619346063	
ProductionRule	ProductionRule_VP->VB,NP,	1.0009513706048836	
ProductionRule	ProductionRule_SBAR->WHNP,S,	1.0009744324365673	
ProductionRule	ProductionRule_NP->NP,PP,	1.0016974698913388	
ProductionRule	ProductionRule_PP->IN,NP,	1.002498729557958	
ProductionRule	ProductionRule_NP->DT,NN,	1.0030442601838478	
