# category, feature_name, length-scale
POS	_pos_ngram_V_ADJ	0.9498971977770037	
POS	_pos_ngram_PUNC_NN	0.9740150499959542	
POS	_pos_ngram_PR_PUNC	0.9770367920441775	
POS	_pos_ngram_PP_V_PR	0.9805277405788619	
POS	_pos_ngram_NN_V_ADV	0.9813744199720601	
POS	_pos_ngram_V_PP_PR	0.9819903445128804	
POS	_pos_ngram_PUNC_ART	0.9824329564570506	
POS	_pos_ngram_NN_CONJ	0.9844776761679987	
POS	_pos_ngram_ART_ADJ_NN	0.9854246232443185	
POS	_pos_ngram_ADV_PP	0.9856367514364598	
POS	_pos_ngram_NN_PUNC	0.985857717360102	
POS	_pos_ngram_ADJ_NN_PUNC	0.9864647260795992	
POS	_pos_ngram_PP_PR_V	0.9871164071968245	
POS	_pos_ngram_NP_V	0.9877034917301563	
POS	_pos_ngram_V_V	0.9889535258988303	
POS	_pos_ngram_PP_PP	0.9890302337286618	
POS	_pos_ngram_ADJ_NN	0.9890475497638512	
POS	_pos_ngram_NN_V_V	0.9895233977812827	
POS	_pos_ngram_ADJ_PP_V	0.9905738529497347	
POS	_pos_ngram_V_ADJ_PP	0.9906521784082681	
POS	_pos_ngram_PUNC	0.9907790841939826	
POS	_pos_ngram_PP_V	0.9909960664301796	
POS	_pos_ngram_V_PP_PP	0.9912643009970751	
POS	_pos_ngram_NN_PUNC_ART	0.991302880610116	
POS	_pos_ngram_V_NN	0.9914220429658807	
POS	_pos_ngram_V_PP	0.991493604547259	
POS	_pos_ngram_PP_PR_NN	0.9916943490871055	
POS	_pos_ngram_ADV_V_PP	0.9916988270831546	
POS	_pos_ngram_NN_PP_V	0.9918663874985176	
POS	_pos_ngram_NN_PUNC_NN	0.9919584542833423	
POS	_pos_ngram_ADJ_NN_PP	0.9921107903806741	
POS	_pos_ngram_NN_V	0.9921597286282313	
POS	_pos_ngram_CONJ_NN	0.9921707954975065	
POS	_pos_ngram_V_ADJ_NN	0.9922466181253222	
POS	_pos_ngram_PP_NP	0.9922972078410968	
POS	_pos_ngram_ART_NN_V	0.99249411546142	
POS	_pos_ngram_V_PP_ADJ	0.9925679517236008	
POS	_pos_ngram_CARD	0.9926991057843402	
POS	_pos_ngram_PP_NN_PUNC	0.9928418204705933	
POS	_pos_ngram_PUNC_NN_V	0.992928290858686	
POS	_pos_ngram_V_V_ADJ	0.993075315183573	
POS	_pos_ngram_PP_ADJ_NN	0.9930822901544744	
POS	_pos_ngram_V_ART_ADJ	0.9932769514665422	
POS	_pos_ngram_V_PR_PUNC	0.9933404564525853	
POS	_pos_ngram_V_ADV	0.9935547174427655	
POS	_pos_ngram_O_O	0.9936987516512797	
POS	_pos_ngram_CARD_NN	0.9937471058171002	
POS	_pos_ngram_PR_ADV	0.994201973095624	
POS	_pos_ngram_NP_PP	0.9942159406389743	
POS	_pos_ngram_ADJ	0.9945400326055758	
POS	_pos_ngram_V	0.9945556754834808	
POS	_pos_ngram_PP_V_ADJ	0.9948794716845202	
POS	_pos_ngram_PR_V_ART	0.995067625929126	
POS	_pos_ngram_V_ADV_ADV	0.9951172955883587	
POS	_pos_ngram_PP_NN_NN	0.9954160260808369	
POS	_pos_ngram_V_V_NN	0.9956814273106339	
POS	_pos_ngram_PP	0.9957106026796885	
POS	_pos_ngram_NN	0.995735454061372	
POS	_pos_ngram_NN_ADJ	0.995735485683727	
POS	_pos_ngram_PP_ADJ	0.9958577432754989	
POS	_pos_ngram_NN_V_PP	0.9959554535222542	
POS	_pos_ngram_PP_V_V	0.9960057236606714	
POS	_pos_ngram_PR_NN_PP	0.9960089029627136	
POS	_pos_ngram_CONJ_PR	0.996025208174015	
POS	_pos_ngram_V_ADV_PP	0.9960277612497119	
POS	_pos_ngram_CONJ	0.9960596814323331	
POS	_pos_ngram_ADV_V_PUNC	0.9960634655958233	
POS	_pos_ngram_ADJ_PP	0.9961939955262296	
POS	_pos_ngram_NN_CONJ_NN	0.9962025410127747	
POS	_pos_ngram_PR_V_PR	0.9962286234829527	
POS	_pos_ngram_NN_PP_ADV	0.9962874253797942	
POS	_pos_ngram_V_ADV_PR	0.9966241900030349	
POS	_pos_ngram_PUNC_ART_NN	0.9966466302088517	
POS	_pos_ngram_ART	0.9966501506859069	
POS	_pos_ngram_V_PP_NP	0.9968077162185616	
POS	_pos_ngram_NP_V_ART	0.9968196758910899	
POS	_pos_ngram_V_V_ART	0.996898284493913	
POS	_pos_ngram_ART_NP	0.9969973291608781	
POS	_pos_ngram_PUNC_ART_V	0.9970060201076884	
POS	_pos_ngram_NN_O	0.9970446707059925	
POS	_pos_ngram_PP_PR_PUNC	0.9970537096228128	
POS	_pos_ngram_V_NN_PP	0.9970751349669532	
POS	_pos_ngram_NP_NP	0.9970914172619431	
POS	_pos_ngram_PR	0.9971416628171925	
POS	_pos_ngram_NN_PUNC_ADV	0.997286485920436	
POS	_pos_ngram_PR_V_ADJ	0.9973255293826282	
POS	_pos_ngram_ART_ADJ	0.997336313913489	
POS	_pos_ngram_CONJ_NN_PUNC	0.9973576138678869	
POS	_pos_ngram_PUNC_NP	0.9973750631487395	
POS	_pos_ngram_PUNC_NP_V	0.9973778805068161	
POS	_pos_ngram_PUNC_V	0.9975382798955952	
POS	_pos_ngram_PP_V_PUNC	0.9975609441390427	
POS	_pos_ngram_PP_PR	0.9976234511290162	
POS	_pos_ngram_PP_ART_NP	0.9976428226985948	
POS	_pos_ngram_PR_PUNC_PR	0.9976455031613793	
POS	_pos_ngram_V_CONJ	0.9976571513927215	
POS	_pos_ngram_NN_PUNC_V	0.9976736447027896	
POS	_pos_ngram_ADV_ADV_V	0.997727349930517	
POS	_pos_ngram_NN_PP_NP	0.9977423906935172	
POS	_pos_ngram_PUNC_NN_CONJ	0.9978061211304713	
POS	_pos_ngram_ADJ_NN_CONJ	0.9979227754341948	
POS	_pos_ngram_ADJ_PR	0.9979444869343095	
POS	_pos_ngram_O_V	0.998080583052217	
POS	_pos_ngram_PR_ADJ_PP	0.9980956893828472	
POS	_pos_ngram_ART_NN	0.9981217014473911	
POS	_pos_ngram_ADV_ADV	0.9981229513422949	
POS	_pos_ngram_ADJ_CONJ_ADJ	0.998123128604177	
POS	_pos_ngram_PP_PP_ART	0.9981608756933266	
POS	_pos_ngram_ADV_PP_PR	0.9981689615929863	
POS	_pos_ngram_CONJ_ADJ	0.9982022851261894	
POS	_pos_ngram_NN_ADJ_NN	0.9982134757334704	
POS	_pos_ngram_ART_V_V	0.9982355947787871	
POS	_pos_ngram_NN_ADV	0.9982541385054862	
POS	_pos_ngram_ART_CARD	0.9983243462025962	
POS	_pos_ngram_CONJ_V_NN	0.9983599049342544	
POS	_pos_ngram_ART_V_PR	0.9983972147882347	
POS	_pos_ngram_ADV_PUNC	0.9984117223154918	
POS	_pos_ngram_ART_ADJ_ADJ	0.9984176412785002	
POS	_pos_ngram_ADV_PUNC_ADV	0.998427260276514	
POS	_pos_ngram_CONJ_V	0.9984343821267248	
POS	_pos_ngram_PP_NP_V	0.9984959002372467	
POS	_pos_ngram_CONJ_ART_NN	0.9985095284396198	
POS	_pos_ngram_V_PP_ART	0.9985140507848822	
POS	_pos_ngram_CONJ_ADV_V	0.9985454054163355	
POS	_pos_ngram_NP	0.9985591320680323	
POS	_pos_ngram_ART_NN_PP	0.9985899732547923	
POS	_pos_ngram_ADV_PP_V	0.9986124468260886	
POS	_pos_ngram_NP_ADV	0.9986305549912293	
POS	_pos_ngram_ADV_PUNC_ART	0.9986408995777352	
POS	_pos_ngram_NN_CONJ_ART	0.9986479055319849	
POS	_pos_ngram_ADJ_PUNC	0.9986484201260563	
POS	_pos_ngram_ART_V_ADJ	0.9986521226789463	
POS	_pos_ngram_PR_NN_PUNC	0.9986660205770665	
POS	_pos_ngram_NN_ART_ADJ	0.9986784176632207	
POS	_pos_ngram_NN_ADV_PR	0.9987097115226795	
POS	_pos_ngram_V_ART	0.99875354686435	
POS	_pos_ngram_CONJ_PP_PR	0.998785271427794	
POS	_pos_ngram_PUNC_PP_PR	0.9988114458171538	
POS	_pos_ngram_NN_NN_NN	0.9988210039745514	
POS	_pos_ngram_NN_ADV_PUNC	0.9988829908919226	
POS	_pos_ngram_CARD_NN_PUNC	0.9989037966792207	
POS	_pos_ngram_ART_V	0.9989038216362662	
POS	_pos_ngram_ART_ART	0.998932066146043	
POS	_pos_ngram_NN_V_PR	0.9989359648152751	
POS	_pos_ngram_PUNC_ADJ	0.9989593803671278	
POS	_pos_ngram_ADJ_V	0.9989690217064187	
POS	_pos_ngram_PUNC_PP_ADJ	0.9989747060537569	
POS	_pos_ngram_ADV_PUNC_NN	0.9989757425042274	
POS	_pos_ngram_ADV	0.9989823591680203	
POS	_pos_ngram_PR_V	0.9989924195569884	
POS	_pos_ngram_CONJ_ADV	0.9990414360103829	
POS	_pos_ngram_ART_NP_NP	0.9990469350374184	
POS	_pos_ngram_ART_ART_NN	0.9990597057269595	
POS	_pos_ngram_V_NP_NP	0.999060462152537	
POS	_pos_ngram_ADJ_NN_PR	0.9990614298036548	
POS	_pos_ngram_V_O	0.9990641863903627	
POS	_pos_ngram_ADV_V_V	0.9990725544541383	
POS	_pos_ngram_V_ADV_CONJ	0.9990816247108254	
POS	_pos_ngram_ADJ_PP_ADJ	0.9990939072578578	
POS	_pos_ngram_NN_NN_CONJ	0.9990949635161963	
POS	_pos_ngram_V_V_PR	0.9990977375266892	
POS	_pos_ngram_V_PR	0.9990993031186779	
POS	_pos_ngram_PUNC_CONJ_NN	0.9991004544564017	
POS	_pos_ngram_PUNC_ADV_PP	0.9991065114040385	
POS	_pos_ngram_PP_PP_NN	0.9991188802478173	
POS	_pos_ngram_PP_ART_PP	0.9991249697005617	
POS	_pos_ngram_ART_O	0.9991579217485039	
POS	_pos_ngram_NP_PP_ART	0.9991610516351181	
POS	_pos_ngram_NP_PUNC_PR	0.9991700643257306	
POS	_pos_ngram_ADV_PUNC_PR	0.9991707845074032	
POS	_pos_ngram_NN_PR_V	0.9991746525079932	
POS	_pos_ngram_V_NN_O	0.999174866327933	
POS	_pos_ngram_V_PR_ART	0.999176963204335	
POS	_pos_ngram_NN_PR_NN	0.9991804115553691	
POS	_pos_ngram_CONJ_ADJ_NN	0.9991823531691336	
POS	_pos_ngram_PP_V_ADV	0.9991877839551659	
POS	_pos_ngram_CARD_NN_PP	0.9992066201347958	
POS	_pos_ngram_PP_PUNC_PP	0.9992187876574763	
POS	_pos_ngram_ADV_ADV_PP	0.9992202158362593	
POS	_pos_ngram_ART_PP	0.9992216625470391	
POS	_pos_ngram_PR_ADV_V	0.9992260775039522	
POS	_pos_ngram_PUNC_PP_V	0.9992267543515204	
POS	_pos_ngram_PP_PR_ADV	0.999228190012565	
POS	_pos_ngram_V_CONJ_PR	0.999250121710106	
POS	_pos_ngram_PP_NP_PUNC	0.9992558399849827	
POS	_pos_ngram_CONJ_PR_NN	0.9992679507491854	
POS	_pos_ngram_NN_PP_ADJ	0.9992691082141208	
POS	_pos_ngram_V_V_V	0.9992702064106755	
POS	_pos_ngram_PUNC_CONJ_ADV	0.9992726131925098	
POS	_pos_ngram_ADJ_PUNC_ADV	0.9992736787816963	
POS	_pos_ngram_NN_CONJ_PR	0.9992741302748085	
POS	_pos_ngram_ADJ_PP_NN	0.9992826071693319	
POS	_pos_ngram_NP_NP_NP	0.9992917513602994	
POS	_pos_ngram_V_NP_PP	0.9992935212662128	
POS	_pos_ngram_ART_NN_O	0.9993034806525184	
POS	_pos_ngram_ADV_CONJ	0.9993051038927806	
POS	_pos_ngram_ART_NN_CONJ	0.9993113958612281	
POS	_pos_ngram_V_ADV_PUNC	0.9993125292152933	
POS	_pos_ngram_V_NN_NN	0.9993181889458229	
POS	_pos_ngram_PP_O	0.9993192538065628	
POS	_pos_ngram_PP_ART_PUNC	0.9993218715509353	
POS	_pos_ngram_PR_ADJ_PUNC	0.9993327924669634	
POS	_pos_ngram_ART_CARD_NN	0.999345382958986	
POS	_pos_ngram_V_ADJ_ADJ	0.9993501703910992	
POS	_pos_ngram_NN_PP	0.9993508251563961	
POS	_pos_ngram_NP_PP_V	0.9993542597604623	
POS	_pos_ngram_CONJ_NN_V	0.9993556056040326	
POS	_pos_ngram_ADV_ADJ_PP	0.9993567310005893	
POS	_pos_ngram_V_V_ADV	0.9993597858723099	
POS	_pos_ngram_PUNC_PP_NN	0.9993599669477875	
POS	_pos_ngram_NN_ADV_ADV	0.9993714068128963	
POS	_pos_ngram_PR_NN_CONJ	0.9993754239456883	
POS	_pos_ngram_NN_NN_V	0.9993762798579187	
POS	_pos_ngram_PR_V_CONJ	0.9993780920549146	
POS	_pos_ngram_ADV_V_ART	0.9993815245191688	
POS	_pos_ngram_PR_PP_ADJ	0.9993867727360856	
POS	_pos_ngram_V_CONJ_V	0.9993897637202249	
POS	_pos_ngram_PP_V_ART	0.9993909785394204	
POS	_pos_ngram_PR_ART_NN	0.9993984914282544	
POS	_pos_ngram_V_NN_ADV	0.9994007754676162	
POS	_pos_ngram_PR_V_NN	0.9994077596206005	
POS	_pos_ngram_O_PUNC	0.9994119701012538	
POS	_pos_ngram_ADJ_ADV_V	0.9994169454893054	
POS	_pos_ngram_CONJ_PR_V	0.9994178276802541	
POS	_pos_ngram_CONJ_ART	0.9994204168683783	
POS	_pos_ngram_ADV_ART_ADJ	0.9994220484732962	
POS	_pos_ngram_ART_V_ART	0.9994314623001923	
POS	_pos_ngram_PR_V_PUNC	0.9994409135859638	
POS	_pos_ngram_ADV_NN	0.9994456353412906	
POS	_pos_ngram_PUNC_V_PP	0.9994505874805283	
POS	_pos_ngram_O_O_O	0.9994609085324553	
POS	_pos_ngram_NN_V_PUNC	0.9994642779036385	
POS	_pos_ngram_ADJ_PR_V	0.9994670971422834	
POS	_pos_ngram_PUNC_NN_NN	0.9994687242760449	
POS	_pos_ngram_PUNC_NN_PP	0.9994812042265366	
POS	_pos_ngram_V_PR_ADV	0.9994842292031823	
POS	_pos_ngram_NN_ADV_ADJ	0.999486300635984	
POS	_pos_ngram_PR_CONJ_V	0.9994875888648608	
POS	_pos_ngram_O_V_PR	0.999487842658948	
POS	_pos_ngram_NN_NN_PUNC	0.9994907969942121	
POS	_pos_ngram_PP_PR_CONJ	0.9994919048813887	
POS	_pos_ngram_PP_PR_PP	0.9994924202623834	
POS	_pos_ngram_V_ART_O	0.9994928326030887	
POS	_pos_ngram_O_V_V	0.9994934596664639	
POS	_pos_ngram_NN_V_CONJ	0.9994943217347346	
POS	_pos_ngram_PP_PP_PUNC	0.9994959259083164	
POS	_pos_ngram_PUNC_ADV_V	0.9994982139095929	
POS	_pos_ngram_V_ART_NN	0.9995060027827882	
POS	_pos_ngram_V_V_PP	0.999509228475163	
POS	_pos_ngram_PP_PP_PR	0.9995120911741677	
POS	_pos_ngram_ADV_ADJ_PR	0.999516229085855	
POS	_pos_ngram_O_PP	0.9995162974765893	
POS	_pos_ngram_PP_ADV_PUNC	0.9995227963850042	
POS	_pos_ngram_PR_PP_PR	0.9995230109239781	
POS	_pos_ngram_V_PUNC_PP	0.9995285633888547	
POS	_pos_ngram_ART_NN_PR	0.9995310802780709	
POS	_pos_ngram_ART_NP_PP	0.9995316788701377	
POS	_pos_ngram_ADJ_ADV	0.9995358112857786	
POS	_pos_ngram_PP_NN_CONJ	0.9995398100882446	
POS	_pos_ngram_PP_NN_O	0.9995403343957611	
POS	_pos_ngram_V_ADV_ART	0.9995410269665814	
POS	_pos_ngram_PR_ART_V	0.9995463815155692	
POS	_pos_ngram_ADV_PR_ADV	0.9995489127972738	
POS	_pos_ngram_O_NN_PP	0.999551404282785	
POS	_pos_ngram_PP_NN_ART	0.999552136128599	
POS	_pos_ngram_PR_PUNC_NN	0.9995533344473918	
POS	_pos_ngram_ADV_V_O	0.9995541591506996	
POS	_pos_ngram_CONJ_PP	0.9995547131777393	
POS	_pos_ngram_V_NP	0.9995671795382947	
POS	_pos_ngram_NP_CONJ	0.999571081401734	
POS	_pos_ngram_NN_O_PP	0.9995735704894043	
POS	_pos_ngram_ADV_ADV_PUNC	0.9995742445995957	
POS	_pos_ngram_PR_NN_ADV	0.99957465135529	
POS	_pos_ngram_PR_NN_ADJ	0.9995748051370112	
POS	_pos_ngram_ADJ_PUNC_ADJ	0.9995758143210874	
POS	_pos_ngram_PUNC_PP_ART	0.9995762348634291	
POS	_pos_ngram_PR_NN_PR	0.9995803279070392	
POS	_pos_ngram_PP_ADV_PR	0.9995904597292427	
POS	_pos_ngram_NN_ART_NN	0.9995905452217577	
POS	_pos_ngram_ADV_ADJ_NN	0.9995933720216987	
POS	_pos_ngram_PUNC_CONJ_PP	0.9995945973231969	
POS	_pos_ngram_V_PUNC_PR	0.9995974095814851	
POS	_pos_ngram_PP_ART_ART	0.9996067129210827	
POS	_pos_ngram_ADJ_NP_NN	0.9996095513786383	
POS	_pos_ngram_NP_PUNC_ART	0.9996124344671703	
POS	_pos_ngram_NN_PR	0.9996140098143137	
POS	_pos_ngram_NP_O_NN	0.9996159532829647	
POS	_pos_ngram_PP_ADV	0.9996195961315827	
POS	_pos_ngram_PR_PUNC_CONJ	0.9996234328094582	
POS	_pos_ngram_PP_NN_ADV	0.9996260321000767	
POS	_pos_ngram_PR_PR	0.9996271713637537	
POS	_pos_ngram_ART_PUNC_PR	0.9996298744965959	
POS	_pos_ngram_ADJ_NN_ADJ	0.9996305679353437	
POS	_pos_ngram_O_PUNC_CONJ	0.9996315060241215	
POS	_pos_ngram_NN_V_CARD	0.9996340135998801	
POS	_pos_ngram_NP_PR_V	0.999634596096399	
POS	_pos_ngram_ART_PUNC	0.9996381878303415	
POS	_pos_ngram_O_ART_NN	0.9996396356710466	
POS	_pos_ngram_PR_NN_NN	0.9996405500429612	
POS	_pos_ngram_PR_PP_PUNC	0.999640839306107	
POS	_pos_ngram_PP_NN_NP	0.9996434259718192	
POS	_pos_ngram_ART_V_ADV	0.9996490015128755	
POS	_pos_ngram_V_ART_CARD	0.9996496857805051	
POS	_pos_ngram_NN_V_O	0.9996511432997576	
POS	_pos_ngram_ADV_PP_ART	0.9996558099790083	
POS	_pos_ngram_ADJ_NP	0.9996601472283517	
POS	_pos_ngram_NN_NP_NP	0.9996610199070108	
POS	_pos_ngram_CONJ_V_PR	0.9996615944622089	
POS	_pos_ngram_NP_NP_V	0.9996628535424354	
POS	_pos_ngram_PR_V_NP	0.9996689001501828	
POS	_pos_ngram_PR_PP_PP	0.9996693412013229	
POS	_pos_ngram_PR_PUNC_ART	0.9996701959586964	
POS	_pos_ngram_NN_PUNC_NP	0.9996716718724545	
POS	_pos_ngram_PR_PP_ADV	0.9996732740332215	
POS	_pos_ngram_PR_PR_NN	0.9996766756248772	
POS	_pos_ngram_NN_PP_PR	0.9996774259813266	
POS	_pos_ngram_ART_PP_ART	0.9996777160214041	
POS	_pos_ngram_O_PUNC_PR	0.9996789975103774	
POS	_pos_ngram_NP_V_NP	0.9996832078330259	
POS	_pos_ngram_ADV_ADV_ADV	0.9996835331602657	
POS	_pos_ngram_ADV_PP_NN	0.9996917627094218	
POS	_pos_ngram_NN_NN_ART	0.9996923357631496	
POS	_pos_ngram_V_NN_V	0.9996932368734711	
POS	_pos_ngram_ART_O_ADV	0.9996961605287794	
POS	_pos_ngram_PUNC_CARD_ADJ	0.9996961605287794	
POS	_pos_ngram_NP_ADV_NN	0.9996961605287794	
POS	_pos_ngram_NP_V_ADV	0.9996963935709406	
POS	_pos_ngram_CONJ_V_PP	0.9996965143530387	
POS	_pos_ngram_ADV_V_NP	0.9996974107407908	
POS	_pos_ngram_NN_NN_ADV	0.9996974861280515	
POS	_pos_ngram_PP_CONJ	0.9996983195951646	
POS	_pos_ngram_PUNC_PR_ADV	0.9996985538256024	
POS	_pos_ngram_O_PUNC_ART	0.9997029803995388	
POS	_pos_ngram_PUNC_PR_ADJ	0.9997081879096333	
POS	_pos_ngram_NN_NP	0.9997089142347761	
POS	_pos_ngram_PR_O	0.9997144040958428	
POS	_pos_ngram_PUNC_ADJ_NN	0.9997166337456089	
POS	_pos_ngram_NN_NN_O	0.999717904158979	
POS	_pos_ngram_PR_ADV_PP	0.9997206693392295	
POS	_pos_ngram_CONJ_ART_V	0.9997208102858351	
POS	_pos_ngram_V_O_O	0.9997220066436494	
POS	_pos_ngram_ADV_NN_ADV	0.9997223553999064	
POS	_pos_ngram_CARD_ADJ	0.999725822107673	
POS	_pos_ngram_V_NN_CONJ	0.9997270691351108	
POS	_pos_ngram_PUNC_CARD_NN	0.9997281699640059	
POS	_pos_ngram_ADJ_PUNC_CONJ	0.9997315751601651	
POS	_pos_ngram_NN_PR_PP	0.9997317558472952	
POS	_pos_ngram_O_ADJ_O	0.9997337735713551	
POS	_pos_ngram_PUNC_ART_O	0.9997340559286012	
POS	_pos_ngram_ART_O_NN	0.9997349790487465	
POS	_pos_ngram_ADJ_NN_ADV	0.9997366721282172	
POS	_pos_ngram_NP_V_V	0.9997366946792692	
POS	_pos_ngram_O_ADV_PUNC	0.9997374764854641	
POS	_pos_ngram_O_PUNC_NN	0.9997400893904494	
POS	_pos_ngram_NN_PUNC_CARD	0.9997413436824416	
POS	_pos_ngram_V_ADJ_ADV	0.9997451818534164	
POS	_pos_ngram_O_CARD_NN	0.9997481021455966	
POS	_pos_ngram_ADJ_CONJ_ADV	0.9997481182621171	
POS	_pos_ngram_NN_PR_PUNC	0.9997485177609594	
POS	_pos_ngram_CONJ_NP_CONJ	0.9997508508105162	
POS	_pos_ngram_PUNC_PP_PP	0.9997522072339431	
POS	_pos_ngram_NP_V_PP	0.9997528907330088	
POS	_pos_ngram_ADV_V_NN	0.999753612272999	
POS	_pos_ngram_PUNC_ADJ_PUNC	0.9997556071544391	
POS	_pos_ngram_V_PP_ADV	0.9997557525723947	
POS	_pos_ngram_PUNC_ART_ADJ	0.9997563432143437	
POS	_pos_ngram_NP_NP_ADV	0.9997586550861831	
POS	_pos_ngram_ART_O_O	0.9997590993304897	
POS	_pos_ngram_NP_PUNC_V	0.999759868505015	
POS	_pos_ngram_ART_ADV_V	0.9997623662771857	
POS	_pos_ngram_ADV_O_PUNC	0.9997631325411783	
POS	_pos_ngram_NN_O_CARD	0.9997639792228652	
POS	_pos_ngram_V_ADJ_CONJ	0.9997690442020002	
POS	_pos_ngram_CONJ_O	0.9997707397111764	
POS	_pos_ngram_NP_NN_PUNC	0.9997710835830832	
POS	_pos_ngram_V_PUNC_NP	0.9997721462284135	
POS	_pos_ngram_PP_ADJ_PUNC	0.9997750418788515	
POS	_pos_ngram_PUNC_PUNC_ADV	0.9997768439767676	
POS	_pos_ngram_NN_NN_ADJ	0.9997782974825503	
POS	_pos_ngram_PP_NP_PP	0.9997806240039967	
POS	_pos_ngram_O_PP_ART	0.9997806354244831	
POS	_pos_ngram_NP_PUNC_NP	0.9997820827660101	
POS	_pos_ngram_NN_PUNC_CONJ	0.9997832010457355	
POS	_pos_ngram_PR_ADV_PR	0.9997838658068906	
POS	_pos_ngram_ADV_V_CONJ	0.9997855617416225	
POS	_pos_ngram_ADJ_CONJ_PR	0.9997861058291653	
POS	_pos_ngram_V_ART_PR	0.9997867711206743	
POS	_pos_ngram_PP_O_NN	0.9997893559199271	
POS	_pos_ngram_CARD_ADJ_NN	0.9997905755748576	
POS	_pos_ngram_CARD_V_ART	0.9997921408842869	
POS	_pos_ngram_V_ADV_NN	0.9997921848363044	
POS	_pos_ngram_ADV_NN_V	0.9997928053749003	
POS	_pos_ngram_O_PR	0.9997928405977727	
POS	_pos_ngram_ART_PP_PR	0.9997949637586266	
POS	_pos_ngram_V_ART_PUNC	0.9997952142571315	
POS	_pos_ngram_O_V_NN	0.9997960201070368	
POS	_pos_ngram_V_NN_ADJ	0.9997975024545933	
POS	_pos_ngram_ART_ADJ_PR	0.9997975363932236	
POS	_pos_ngram_ART_NN_ART	0.999799144817036	
POS	_pos_ngram_PUNC_V_ART	0.9998005823667218	
POS	_pos_ngram_PUNC_NP_NN	0.9998016247713654	
POS	_pos_ngram_V_CARD	0.9998017909994059	
POS	_pos_ngram_V_NP_V	0.9998018763874048	
POS	_pos_ngram_V_ART_ART	0.9998032749430266	
POS	_pos_ngram_CONJ_NP	0.9998038615261043	
POS	_pos_ngram_NP_NP_PUNC	0.999804021423245	
POS	_pos_ngram_O_ADV_PR	0.9998095225755469	
POS	_pos_ngram_NN_ADJ_PUNC	0.999810327547132	
POS	_pos_ngram_O_O_V	0.9998128701954341	
POS	_pos_ngram_NN_O_ADV	0.999813880200206	
POS	_pos_ngram_CARD_PUNC	0.9998139193464791	
POS	_pos_ngram_NN_NN_PR	0.9998140322345869	
POS	_pos_ngram_V_V_NP	0.999816104917915	
POS	_pos_ngram_PUNC_CONJ_NP	0.9998161797811385	
POS	_pos_ngram_PUNC_V_ADV	0.9998175301102978	
POS	_pos_ngram_ADV_PP_PP	0.9998186341565758	
POS	_pos_ngram_ADJ_PUNC_CARD	0.9998226141182913	
POS	_pos_ngram_ART_V_NN	0.9998242203206342	
POS	_pos_ngram_PUNC_ADV_PUNC	0.999824384380857	
POS	_pos_ngram_PP_ART_CARD	0.9998245027133548	
POS	_pos_ngram_V_PUNC_O	0.9998255424072185	
POS	_pos_ngram_ART_PP_NN	0.9998263448217164	
POS	_pos_ngram_PP_PP_V	0.999826525361596	
POS	_pos_ngram_NN_PR_PR	0.9998281908968382	
POS	_pos_ngram_PUNC_ADJ_PP	0.9998283152405782	
POS	_pos_ngram_PR_ART	0.9998288486488229	
POS	_pos_ngram_CONJ_V_ART	0.9998301264304736	
POS	_pos_ngram_PUNC_ADV_NP	0.9998306286950189	
POS	_pos_ngram_PP_NN_CARD	0.99983166662697	
POS	_pos_ngram_NP_NN_V	0.9998339528684479	
POS	_pos_ngram_PR_ADJ_NN	0.9998349562538845	
POS	_pos_ngram_ADV_PR_PP	0.9998368442708363	
POS	_pos_ngram_PP_PR_ART	0.9998369518659349	
POS	_pos_ngram_PUNC_V_ADJ	0.9998370244204825	
POS	_pos_ngram_PP_PUNC	0.9998374398159416	
POS	_pos_ngram_ADV_CARD_PUNC	0.9998398999825093	
POS	_pos_ngram_CONJ_ADJ_PUNC	0.9998399566299975	
POS	_pos_ngram_ART_NN_ADV	0.9998407133556804	
POS	_pos_ngram_NP_V_NN	0.9998409758610556	
POS	_pos_ngram_PP_V_NP	0.9998411881985497	
POS	_pos_ngram_PP_PP_NP	0.999841453790391	
POS	_pos_ngram_CONJ_ADV_ADJ	0.999841634873009	
POS	_pos_ngram_ADV_PUNC_PP	0.9998421213625838	
POS	_pos_ngram_V_PUNC_CONJ	0.9998430211885315	
POS	_pos_ngram_NN_CONJ_ADV	0.999843118606381	
POS	_pos_ngram_PR_CONJ	0.999844553461938	
POS	_pos_ngram_ADJ_PUNC_NN	0.9998450044743217	
POS	_pos_ngram_PP_NN_ADJ	0.9998460107401594	
POS	_pos_ngram_ADV_CONJ_V	0.9998489323451446	
POS	_pos_ngram_ADJ_V_ADV	0.9998494686710903	
POS	_pos_ngram_NN_O_V	0.9998498584274559	
POS	_pos_ngram_CONJ_V_V	0.9998500617347069	
POS	_pos_ngram_ADV_NN_PR	0.9998509897501151	
POS	_pos_ngram_CONJ_CARD	0.999852583192299	
POS	_pos_ngram_ART_ADV_ADJ	0.9998532372234259	
POS	_pos_ngram_NP_PP_NP	0.9998542071200911	
POS	_pos_ngram_ADJ_PP_CONJ	0.9998556313770404	
POS	_pos_ngram_PR_PUNC_PP	0.9998566169555199	
POS	_pos_ngram_ADV_PUNC_ADJ	0.9998571687004804	
POS	_pos_ngram_V_ART_PP	0.9998572359399367	
POS	_pos_ngram_ADJ_PR_ADV	0.9998598352447667	
POS	_pos_ngram_ADV_PP_O	0.9998605126774134	
POS	_pos_ngram_V_ADJ_ART	0.9998617399993156	
POS	_pos_ngram_NP_PP_PR	0.9998619731803284	
POS	_pos_ngram_CARD_V	0.9998645416174664	
POS	_pos_ngram_PP_CARD	0.9998654341375348	
POS	_pos_ngram_CARD_PUNC_ADV	0.9998657423060126	
POS	_pos_ngram_ADV_ART_O	0.9998663582408458	
POS	_pos_ngram_ADJ_ART	0.999866510369061	
POS	_pos_ngram_PP_ADV_PP	0.9998691858966229	
POS	_pos_ngram_ADJ_CONJ_ART	0.9998695007471838	
POS	_pos_ngram_PUNC_CONJ_O	0.9998698684158687	
POS	_pos_ngram_O_NN_ADV	0.9998721673679343	
POS	_pos_ngram_CONJ_ADV_PUNC	0.9998728366915899	
POS	_pos_ngram_PR_ADV_ADV	0.9998735916479007	
POS	_pos_ngram_ART_NP_CONJ	0.9998738909693449	
POS	_pos_ngram_ADJ_ART_NN	0.9998742495972645	
POS	_pos_ngram_ADV_PR_NN	0.9998745109656975	
POS	_pos_ngram_V_ADJ_V	0.9998745248763802	
POS	_pos_ngram_V_CARD_NN	0.9998747765032677	
POS	_pos_ngram_PUNC_ART_ADV	0.9998757724967895	
POS	_pos_ngram_PUNC_ADJ_NP	0.9998764841548506	
POS	_pos_ngram_O_NN_NN	0.999876906467034	
POS	_pos_ngram_PP_CARD_NN	0.9998781981218912	
POS	_pos_ngram_O_ADJ	0.9998789366765586	
POS	_pos_ngram_ADV_V	0.9998804056540032	
POS	_pos_ngram_ADJ_V_V	0.999880567042354	
POS	_pos_ngram_PR_NP	0.9998811193065166	
POS	_pos_ngram_PUNC_O_PR	0.9998831295277512	
POS	_pos_ngram_CARD_NN_V	0.9998851437245726	
POS	_pos_ngram_ADJ_CONJ_NN	0.9998852769756429	
POS	_pos_ngram_CARD_PR_V	0.9998854387452203	
POS	_pos_ngram_CARD_PR	0.9998854387452203	
POS	_pos_ngram_PP_PUNC_ADV	0.9998854574121415	
POS	_pos_ngram_PR_ART_ADJ	0.9998870529306021	
POS	_pos_ngram_PUNC_NN_ART	0.99988753848238	
POS	_pos_ngram_NN_CONJ_PP	0.9998881923478808	
POS	_pos_ngram_CONJ_ADJ_PP	0.9998884790031243	
POS	_pos_ngram_O_PUNC_V	0.9998892126449686	
POS	_pos_ngram_CONJ_CARD_PUNC	0.9998893907191364	
POS	_pos_ngram_NN_CONJ_CARD	0.9998897449682544	
POS	_pos_ngram_V_ADV_O	0.9998901873573756	
POS	_pos_ngram_V_PUNC_NN	0.9998902763591195	
POS	_pos_ngram_ADV_V_ADJ	0.9998903881213984	
POS	_pos_ngram_O_PP_NN	0.999890948706952	
POS	_pos_ngram_CONJ_NN_O	0.999891048917348	
POS	_pos_ngram_ADV_PP_ADJ	0.999892406439551	
POS	_pos_ngram_ADJ_V_PUNC	0.9998934563957421	
POS	_pos_ngram_ADJ_PP_NP	0.9998935314186005	
POS	_pos_ngram_ART_CARD_V	0.999894071757852	
POS	_pos_ngram_ADV_NN_PUNC	0.999898537260615	
POS	_pos_ngram_NP_ADV_PUNC	0.9998995047254817	
POS	_pos_ngram_NP_O_PUNC	0.9999003364885175	
POS	_pos_ngram_NN_PR_ADJ	0.9999014836890705	
POS	_pos_ngram_ART_ADJ_PP	0.999901639572218	
POS	_pos_ngram_ART_ADJ_CARD	0.9999017960458566	
POS	_pos_ngram_ADV_O_V	0.9999023961028433	
POS	_pos_ngram_PUNC_NP_PUNC	0.9999024909281904	
POS	_pos_ngram_V_CONJ_NN	0.9999030202154989	
POS	_pos_ngram_PP_O_PR	0.9999035952493782	
POS	_pos_ngram_V_ADJ_NP	0.9999046348957785	
POS	_pos_ngram_NP_ADV_V	0.9999049153202393	
POS	_pos_ngram_PUNC_PP_O	0.9999052784312326	
POS	_pos_ngram_V_V_CARD	0.9999054288105065	
POS	_pos_ngram_ART_PUNC_ADV	0.9999055676958356	
POS	_pos_ngram_ADV_NP_ADV	0.9999057714443014	
POS	_pos_ngram_V_O_V	0.9999060661561991	
POS	_pos_ngram_NN_ART_O	0.9999060693364394	
POS	_pos_ngram_PUNC_NP_O	0.9999068889235193	
POS	_pos_ngram_PR_PP_ART	0.9999071320556544	
POS	_pos_ngram_PUNC_ADV_NN	0.999907276437375	
POS	_pos_ngram_ADV_NP_PUNC	0.9999076459302767	
POS	_pos_ngram_V_CARD_PUNC	0.9999077147594553	
POS	_pos_ngram_O_PUNC_NP	0.999908168964739	
POS	_pos_ngram_PUNC_O_ART	0.9999087890743461	
POS	_pos_ngram_CONJ_NN_NN	0.9999093976132596	
POS	_pos_ngram_PP_ART_PR	0.9999097096876076	
POS	_pos_ngram_PUNC_NN_ADV	0.9999097173853958	
POS	_pos_ngram_CONJ_NP_V	0.9999102834045066	
POS	_pos_ngram_ADJ_PUNC_V	0.9999120623135844	
POS	_pos_ngram_ADJ_PUNC_PP	0.9999126090599976	
POS	_pos_ngram_V_PUNC_V	0.9999126268045018	
POS	_pos_ngram_ART_NN_NP	0.9999128230552344	
POS	_pos_ngram_NP_V_ADJ	0.9999130100089498	
POS	_pos_ngram_PP_CONJ_V	0.9999130565657154	
POS	_pos_ngram_ADJ_PUNC_ART	0.9999130855244154	
POS	_pos_ngram_ADV_O_O	0.9999130892644026	
POS	_pos_ngram_NP_ART	0.9999137770526151	
POS	_pos_ngram_NN_PP_O	0.9999138832677552	
POS	_pos_ngram_ADV_CONJ_ART	0.9999140323291771	
POS	_pos_ngram_CONJ_PP_ART	0.9999140974944339	
POS	_pos_ngram_NP_CARD	0.9999148892138638	
POS	_pos_ngram_PP_PUNC_ADJ	0.9999152781091828	
POS	_pos_ngram_PR_V_CARD	0.9999157497828811	
POS	_pos_ngram_O_CONJ	0.9999164270057962	
POS	_pos_ngram_PR_CONJ_PR	0.9999171360657918	
POS	_pos_ngram_ART_O_V	0.999917946319045	
POS	_pos_ngram_V_CONJ_ADV	0.9999195355640375	
POS	_pos_ngram_NN_NN_CARD	0.9999197916594682	
POS	_pos_ngram_ADV_NN_NN	0.9999205729948599	
POS	_pos_ngram_CARD_NN_ADV	0.9999210461148854	
POS	_pos_ngram_NN_PUNC_O	0.9999211014972303	
POS	_pos_ngram_PP_PP_CARD	0.9999211121204586	
POS	_pos_ngram_CONJ_PP_PP	0.99992151866024	
POS	_pos_ngram_V_PR_NP	0.9999218361528117	
POS	_pos_ngram_ADV_PR_PUNC	0.9999222496707422	
POS	_pos_ngram_ART_PUNC_PP	0.9999223477452084	
POS	_pos_ngram_O_ART_V	0.9999224374624326	
POS	_pos_ngram_O_PUNC_PP	0.9999224804350654	
POS	_pos_ngram_O_PP_NP	0.9999225957007722	
POS	_pos_ngram_CONJ_ART_ART	0.9999238761731482	
POS	_pos_ngram_PUNC_CONJ_ADJ	0.9999241383337674	
POS	_pos_ngram_NN_ADJ_O	0.9999245752214388	
POS	_pos_ngram_ADJ_PP_PUNC	0.9999260884888675	
POS	_pos_ngram_CONJ_CONJ	0.9999265527223129	
POS	_pos_ngram_V_ART_ADV	0.9999267175358089	
POS	_pos_ngram_PR_NP_PUNC	0.9999273239633428	
POS	_pos_ngram_V_NP_PUNC	0.9999275257906788	
POS	_pos_ngram_V_CONJ_PP	0.9999275622662243	
POS	_pos_ngram_PUNC_PUNC_O	0.9999275719208474	
POS	_pos_ngram_ADJ_PR_PR	0.9999282670621504	
POS	_pos_ngram_ADV_ART_V	0.999928390933228	
POS	_pos_ngram_PP_CONJ_PP	0.9999284136399211	
POS	_pos_ngram_CONJ_NP_O	0.9999289120304663	
POS	_pos_ngram_NN_ART_CARD	0.9999289991888357	
POS	_pos_ngram_PR_PUNC_ADV	0.9999293611150467	
POS	_pos_ngram_NP_PR	0.9999310030528493	
POS	_pos_ngram_O_V_PUNC	0.9999310721745174	
POS	_pos_ngram_NP_V_PR	0.9999327250195833	
POS	_pos_ngram_ADJ_O_O	0.9999332361261766	
POS	_pos_ngram_ADJ_O_PUNC	0.9999333682430571	
POS	_pos_ngram_ADJ_V_NN	0.9999334047431375	
POS	_pos_ngram_CONJ_ADJ_PR	0.999933468451134	
POS	_pos_ngram_NN_O_PR	0.9999344300505669	
POS	_pos_ngram_O_PUNC_ADV	0.999936283839129	
POS	_pos_ngram_PR_NN_ART	0.9999370136454326	
POS	_pos_ngram_ADV_ADJ_CONJ	0.9999371306668609	
POS	_pos_ngram_CONJ_NN_PR	0.9999377075839446	
POS	_pos_ngram_ART_CARD_ADJ	0.9999378157786658	
POS	_pos_ngram_PR_PUNC_V	0.9999379661194057	
POS	_pos_ngram_ART_V_PP	0.9999380126577154	
POS	_pos_ngram_O_NN_CONJ	0.9999383655547565	
POS	_pos_ngram_CONJ_ADV_O	0.9999391064632965	
POS	_pos_ngram_ADV_ADV_NN	0.9999392877983946	
POS	_pos_ngram_PUNC_V_NP	0.9999395417909639	
POS	_pos_ngram_ART_CARD_PP	0.99993964257468	
POS	_pos_ngram_ADV_PUNC_V	0.9999402381149827	
POS	_pos_ngram_ADV_ADV_ADJ	0.9999408470422129	
POS	_pos_ngram_PP_NP_NP	0.9999412148022646	
POS	_pos_ngram_PR_PUNC_O	0.9999418610300503	
POS	_pos_ngram_O_PUNC_PUNC	0.9999418847491507	
POS	_pos_ngram_ART_NP_PUNC	0.9999429834016753	
POS	_pos_ngram_ADV_PUNC_PUNC	0.9999431478243166	
POS	_pos_ngram_PP_ADV_ART	0.9999432392575075	
POS	_pos_ngram_PP_PR_O	0.9999432678531406	
POS	_pos_ngram_CONJ_NN_ADV	0.9999436338931466	
POS	_pos_ngram_PR_ADJ_ADV	0.9999439070792766	
POS	_pos_ngram_V_ADJ_CARD	0.9999441835295944	
POS	_pos_ngram_PUNC_CARD	0.9999441912544492	
POS	_pos_ngram_CONJ_V_ADJ	0.999944278842167	
POS	_pos_ngram_ADJ_ART_CARD	0.9999451694382591	
POS	_pos_ngram_O_PR_PP	0.9999455054133269	
POS	_pos_ngram_NP_CONJ_PR	0.9999455155868601	
POS	_pos_ngram_PR_O_ADV	0.9999462327403343	
POS	_pos_ngram_PUNC_O_O	0.9999470013180943	
POS	_pos_ngram_NP_V_PUNC	0.9999471375241497	
POS	_pos_ngram_NN_O_CONJ	0.9999472477245563	
POS	_pos_ngram_NP_PUNC_NN	0.9999483053503045	
POS	_pos_ngram_PP_PR_PR	0.9999483080898688	
POS	_pos_ngram_PP_NP_ART	0.9999486662803042	
POS	_pos_ngram_NP_ART_V	0.9999488017548458	
POS	_pos_ngram_V_ADV_CARD	0.999949047091833	
POS	_pos_ngram_ADJ_V_PP	0.9999492525998637	
POS	_pos_ngram_ADJ_PP_PP	0.9999493867957359	
POS	_pos_ngram_ADV_PR_ADJ	0.9999496339366145	
POS	_pos_ngram_PR_NP_NN	0.999950038015996	
POS	_pos_ngram_PUNC_PUNC	0.9999500603758067	
POS	_pos_ngram_NN_V_NP	0.9999501049909523	
POS	_pos_ngram_PP_ADJ_ADJ	0.9999501716799222	
POS	_pos_ngram_V_CONJ_ADJ	0.9999503036883756	
POS	_pos_ngram_PUNC_O_ADJ	0.9999504153704166	
POS	_pos_ngram_V_PR_O	0.9999518601189509	
POS	_pos_ngram_PUNC_NN_PR	0.9999529507345472	
POS	_pos_ngram_NN_ADJ_PR	0.9999532549810279	
POS	_pos_ngram_PP_PUNC_ART	0.9999534988565211	
POS	_pos_ngram_ART_ADJ_NP	0.9999536603144629	
POS	_pos_ngram_PP_NP_O	0.9999541180366336	
POS	_pos_ngram_ADV_NP_NP	0.9999542143787334	
POS	_pos_ngram_ADJ_PP_ADV	0.999954790262712	
POS	_pos_ngram_O_PUNC_O	0.9999554510713444	
POS	_pos_ngram_ADV_NN_PP	0.9999559175231262	
POS	_pos_ngram_V_O_NN	0.9999565820168641	
POS	_pos_ngram_NN_ADV_NP	0.9999574206901807	
POS	_pos_ngram_ART_PP_O	0.9999578158433822	
POS	_pos_ngram_ADJ_ADJ_PUNC	0.9999578544355048	
POS	_pos_ngram_CONJ_NN_NP	0.9999578763102877	
POS	_pos_ngram_PR_PP_CONJ	0.999958025287078	
POS	_pos_ngram_ART_ADV_PP	0.9999580959037472	
POS	_pos_ngram_ART_PP_ADJ	0.9999581028636468	
POS	_pos_ngram_O_CARD_PUNC	0.9999581523398291	
POS	_pos_ngram_ART_ADV_PR	0.9999582311720934	
POS	_pos_ngram_PP_CARD_ADJ	0.9999583315119287	
POS	_pos_ngram_CONJ_PP_V	0.9999588934886935	
POS	_pos_ngram_ART_PP_V	0.9999589110677032	
POS	_pos_ngram_CONJ_ART_PR	0.9999594324931588	
POS	_pos_ngram_PR_CONJ_NN	0.9999595339071098	
POS	_pos_ngram_CONJ_ADJ_ART	0.9999595382109506	
POS	_pos_ngram_PUNC_ART_PP	0.9999596411210238	
POS	_pos_ngram_CARD_NN_ART	0.9999601266065588	
POS	_pos_ngram_NP_NN_PP	0.9999601778196938	
POS	_pos_ngram_NP_ADV_PR	0.9999603053101689	
POS	_pos_ngram_ART_PUNC_V	0.9999606048987358	
POS	_pos_ngram_NP_CONJ_NP	0.9999607437761293	
POS	_pos_ngram_CONJ_PP_PUNC	0.9999608450163832	
POS	_pos_ngram_CARD_NN_CONJ	0.9999610843202626	
POS	_pos_ngram_NN_O_NN	0.9999615234979252	
POS	_pos_ngram_V_O_PUNC	0.9999617024583843	
POS	_pos_ngram_O_ART_ADJ	0.9999621476861389	
POS	_pos_ngram_PUNC_NP_CONJ	0.9999621551534481	
POS	_pos_ngram_ADJ_ADV_PUNC	0.9999622236370858	
POS	_pos_ngram_PR_O_PP	0.9999625068946484	
POS	_pos_ngram_CONJ_ART_PP	0.9999625346400958	
POS	_pos_ngram_PR_CONJ_ADV	0.9999625668477734	
POS	_pos_ngram_V_NN_ART	0.9999626161913714	
POS	_pos_ngram_ADJ_PUNC_PUNC	0.9999628558906772	
POS	_pos_ngram_O_CONJ_NN	0.999962874081036	
POS	_pos_ngram_ADV_CONJ_PP	0.9999634603449044	
POS	_pos_ngram_O_ART_ADV	0.9999635934446639	
POS	_pos_ngram_NP_NN_O	0.9999635934446639	
POS	_pos_ngram_PR_PR_NP	0.9999635934446639	
POS	_pos_ngram_PR_NP_CONJ	0.9999638962507633	
POS	_pos_ngram_ART_NP_PR	0.9999638962507633	
POS	_pos_ngram_NP_CONJ_CONJ	0.9999638962507633	
POS	_pos_ngram_NP_PR_PR	0.9999638962507633	
POS	_pos_ngram_PP_PUNC_V	0.9999643442370925	
POS	_pos_ngram_CONJ_CONJ_ADV	0.9999643603596351	
POS	_pos_ngram_PP_ADJ_V	0.9999649042350756	
POS	_pos_ngram_PUNC_ADV_O	0.9999649931009401	
POS	_pos_ngram_ADJ_ART_PUNC	0.9999656176513998	
POS	_pos_ngram_ADJ_NN_ART	0.999965724800518	
POS	_pos_ngram_CONJ_V_NP	0.9999657737221288	
POS	_pos_ngram_O_CARD_V	0.9999661315428552	
POS	_pos_ngram_PP_ADV_CARD	0.9999662062663599	
POS	_pos_ngram_V_NP_PR	0.9999663172598783	
POS	_pos_ngram_CARD_PP_PR	0.9999666052674481	
POS	_pos_ngram_ADV_PR_PR	0.9999668781186608	
POS	_pos_ngram_PR_CONJ_ART	0.9999669259006627	
POS	_pos_ngram_PP_PUNC_NN	0.9999678666101959	
POS	_pos_ngram_CONJ_ART_ADV	0.9999680976424828	
POS	_pos_ngram_NN_PP_PUNC	0.9999681498253652	
POS	_pos_ngram_CARD_PUNC_ADJ	0.9999690453829793	
POS	_pos_ngram_ART_CONJ_PR	0.9999690453829793	
POS	_pos_ngram_NP_ADJ	0.9999690903786382	
POS	_pos_ngram_PP_PUNC_NP	0.9999701374928914	
POS	_pos_ngram_ART_PP_PP	0.999970165946522	
POS	_pos_ngram_PP_PUNC_O	0.9999702518836406	
POS	_pos_ngram_O_PR_ADV	0.999970336432423	
POS	_pos_ngram_ADJ_CONJ_NP	0.9999706126474563	
POS	_pos_ngram_ADV_ADV_ART	0.9999709437081536	
POS	_pos_ngram_V_NP_ADV	0.9999714495465168	
POS	_pos_ngram_ADV_ART_ADV	0.9999716195286164	
POS	_pos_ngram_ART_V_NP	0.9999717265868282	
POS	_pos_ngram_O_O_PR	0.999971871938906	
POS	_pos_ngram_ADJ_ADV_CARD	0.9999718837992557	
POS	_pos_ngram_CONJ_CONJ_PR	0.9999720218958716	
POS	_pos_ngram_NN_O_NP	0.9999721410842979	
POS	_pos_ngram_PUNC_ART_CARD	0.9999724166954674	
POS	_pos_ngram_NP_PP_ADJ	0.99997276049679	
POS	_pos_ngram_NP_O_V	0.9999729927210345	
POS	_pos_ngram_PP_PP_ADV	0.9999730684889092	
POS	_pos_ngram_CONJ_CARD_NN	0.9999730982364273	
POS	_pos_ngram_CARD_CONJ	0.999973336204224	
POS	_pos_ngram_CARD_NN_PR	0.999973398458635	
POS	_pos_ngram_NN_CARD_PP	0.9999737909589521	
POS	_pos_ngram_O_NN_PUNC	0.9999739880815778	
POS	_pos_ngram_ADV_CONJ_ADV	0.9999740506163655	
POS	_pos_ngram_PP_CARD_V	0.9999743894216879	
POS	_pos_ngram_ADJ_NN_NN	0.9999747620890307	
POS	_pos_ngram_PP_ADV_ADJ	0.999974921500893	
POS	_pos_ngram_CONJ_NN_ART	0.9999749234939784	
POS	_pos_ngram_PP_CONJ_ADJ	0.9999750230777051	
POS	_pos_ngram_NP_ADV_PP	0.9999751170942451	
POS	_pos_ngram_PR_CARD_ADJ	0.9999751604819	
POS	_pos_ngram_O_CONJ_ART	0.999975471727387	
POS	_pos_ngram_V_CONJ_O	0.9999754975429663	
POS	_pos_ngram_PUNC_O_PP	0.9999755846139451	
POS	_pos_ngram_CONJ_O_NN	0.9999756919333602	
POS	_pos_ngram_ADV_PUNC_O	0.9999757498425428	
POS	_pos_ngram_V_NP_CONJ	0.9999757828004471	
POS	_pos_ngram_V_O_CONJ	0.9999758304576456	
POS	_pos_ngram_CONJ_ADV_ART	0.9999759860188755	
POS	_pos_ngram_O_O_NN	0.9999760515649889	
POS	_pos_ngram_V_PR_CARD	0.9999763075530985	
POS	_pos_ngram_V_CONJ_CARD	0.9999764728689259	
POS	_pos_ngram_CONJ_NP_ADV	0.9999765380393276	
POS	_pos_ngram_ART_ADV_NN	0.9999765409800118	
POS	_pos_ngram_O_O_ART	0.9999772392157917	
POS	_pos_ngram_ADJ_CONJ_CARD	0.9999775936578075	
POS	_pos_ngram_ADJ_PP_CARD	0.9999776035864409	
POS	_pos_ngram_PR_PR_PR	0.9999776391221774	
POS	_pos_ngram_NP_NP_CONJ	0.9999777867778583	
POS	_pos_ngram_ART_ADJ_CONJ	0.9999778019985694	
POS	_pos_ngram_O_NN_V	0.9999781796089513	
POS	_pos_ngram_CARD_PUNC_V	0.9999783089007834	
POS	_pos_ngram_CONJ_NN_ADJ	0.9999783310594804	
POS	_pos_ngram_ART_PR_NN	0.9999784628262887	
POS	_pos_ngram_NN_NP_V	0.9999785716904105	
POS	_pos_ngram_PUNC_ADJ_ADJ	0.9999785732094285	
POS	_pos_ngram_PP_CARD_PR	0.9999787388864562	
POS	_pos_ngram_PR_PR_ADV	0.9999788705885372	
POS	_pos_ngram_PUNC_ADV_ADJ	0.9999789896408249	
POS	_pos_ngram_ADJ_PUNC_O	0.9999790436426114	
POS	_pos_ngram_ADJ_ADJ_PP	0.9999790797637356	
POS	_pos_ngram_CONJ_NN_CONJ	0.9999790967731481	
POS	_pos_ngram_PR_V_O	0.9999791070222473	
POS	_pos_ngram_PR_O_NN	0.9999792460470311	
POS	_pos_ngram_ADJ_CONJ_V	0.9999792825086816	
POS	_pos_ngram_PP_PUNC_PR	0.9999793762178957	
POS	_pos_ngram_NN_PP_CONJ	0.9999795270280222	
POS	_pos_ngram_V_CONJ_ART	0.9999795799553375	
POS	_pos_ngram_ADV_ART_PR	0.9999796492799564	
POS	_pos_ngram_O_ADJ_V	0.9999797385625413	
POS	_pos_ngram_CONJ_NP_PUNC	0.9999797799615184	
POS	_pos_ngram_NP_CARD_PUNC	0.9999798591937491	
POS	_pos_ngram_NP_ADV_ADV	0.9999800096492726	
POS	_pos_ngram_CONJ_O_V	0.9999800858796906	
POS	_pos_ngram_ADJ_ADV_PP	0.9999803510872687	
POS	_pos_ngram_CONJ_V_ADV	0.9999807660161268	
POS	_pos_ngram_NP_NP_NN	0.99998084099146	
POS	_pos_ngram_CONJ_ADV_PR	0.9999809206166761	
POS	_pos_ngram_CONJ_ADV_NN	0.9999810484458704	
POS	_pos_ngram_ART_ADJ_O	0.9999810494373055	
POS	_pos_ngram_ADV_CARD_CONJ	0.999981142953547	
POS	_pos_ngram_CARD_PP_V	0.9999812980847075	
POS	_pos_ngram_ART_V_CARD	0.99998143238503	
POS	_pos_ngram_ADJ_ADV_ART	0.9999816371123564	
POS	_pos_ngram_NP_ADJ_NN	0.9999816629077178	
POS	_pos_ngram_NP_CONJ_PP	0.9999819477554039	
POS	_pos_ngram_O_PP_V	0.9999821553231723	
POS	_pos_ngram_ADJ_O_ART	0.9999822003630028	
POS	_pos_ngram_ART_V_CONJ	0.9999823224522887	
POS	_pos_ngram_ART_CONJ	0.9999825422803983	
POS	_pos_ngram_ADJ_PUNC_NP	0.999982599588453	
POS	_pos_ngram_CARD_PUNC_CONJ	0.9999826754972554	
POS	_pos_ngram_V_CARD_PR	0.9999827641102863	
POS	_pos_ngram_ART_PUNC_O	0.9999830522641178	
POS	_pos_ngram_ART_PP_PUNC	0.9999830787168127	
POS	_pos_ngram_NP_O_PP	0.9999832254810432	
POS	_pos_ngram_CONJ_NP_CARD	0.9999832600701352	
POS	_pos_ngram_CONJ_ADJ_CONJ	0.9999835255563039	
POS	_pos_ngram_V_PUNC_CARD	0.9999836459098146	
POS	_pos_ngram_PUNC_CARD_PUNC	0.9999836776740064	
POS	_pos_ngram_PUNC_PUNC_PP	0.9999838168066086	
POS	_pos_ngram_V_ADV_NP	0.9999840603710834	
POS	_pos_ngram_PP_ADJ_PR	0.9999841876601667	
POS	_pos_ngram_NP_PP_PP	0.9999845741880427	
POS	_pos_ngram_O_O_ADJ	0.9999847043593618	
POS	_pos_ngram_NP_NN_ADV	0.9999847690023891	
POS	_pos_ngram_NN_CONJ_NP	0.999985108842077	
POS	_pos_ngram_ADV_NN_CONJ	0.9999853348781113	
POS	_pos_ngram_O_V_NP	0.9999854745427609	
POS	_pos_ngram_PP_V_CONJ	0.9999855048766854	
POS	_pos_ngram_CARD_CONJ_PP	0.9999855684704606	
POS	_pos_ngram_ADV_ADJ_ADV	0.9999856146969458	
POS	_pos_ngram_ADJ_ART_V	0.9999856306458066	
POS	_pos_ngram_V_NP_O	0.9999856674946626	
POS	_pos_ngram_ADV_O_CONJ	0.9999858744541686	
POS	_pos_ngram_NN_O_ART	0.9999859662080567	
POS	_pos_ngram_PP_ADV_NP	0.9999861224785015	
POS	_pos_ngram_CONJ_NP_NP	0.9999862209988619	
POS	_pos_ngram_ART_ADV_NP	0.9999862260027615	
POS	_pos_ngram_PUNC_ADJ_V	0.9999862274479714	
POS	_pos_ngram_PUNC_PUNC_ART	0.9999866149403595	
POS	_pos_ngram_PUNC_PUNC_PR	0.99998665300648	
POS	_pos_ngram_ADJ_ADV_NN	0.9999867028097962	
POS	_pos_ngram_O_ADJ_PP	0.999986787489558	
POS	_pos_ngram_PP_V_O	0.999986987029779	
POS	_pos_ngram_NP_PR_O	0.9999870119760134	
POS	_pos_ngram_PR_O_ADJ	0.9999870119760134	
POS	_pos_ngram_O_ADJ_PUNC	0.9999870538452844	
POS	_pos_ngram_O_CONJ_O	0.9999871233097313	
POS	_pos_ngram_PR_ART_PP	0.9999872751849479	
POS	_pos_ngram_NP_ADV_CARD	0.9999873287137657	
POS	_pos_ngram_V_O_PP	0.9999873517444351	
POS	_pos_ngram_O_PR_PUNC	0.9999873987349961	
POS	_pos_ngram_NN_PR_O	0.9999878170586809	
POS	_pos_ngram_O_ART_PP	0.9999878170586809	
POS	_pos_ngram_NP_CONJ_ADJ	0.9999878299692938	
POS	_pos_ngram_O_ADV_NP	0.9999878299692938	
POS	_pos_ngram_CARD_ADJ_ADJ	0.9999878299692938	
POS	_pos_ngram_NP_V_O	0.9999878570025427	
POS	_pos_ngram_ART_PUNC_ART	0.9999879146872083	
POS	_pos_ngram_PUNC_PR_NN	0.9999881454859804	
POS	_pos_ngram_NN_NP_ADV	0.9999881685923618	
POS	_pos_ngram_ADV_CONJ_PR	0.9999883782514163	
POS	_pos_ngram_ADV_NP_PR	0.9999884102547911	
POS	_pos_ngram_ADJ_O_ADJ	0.9999886146068642	
POS	_pos_ngram_PP_ADJ_PP	0.9999887526200617	
POS	_pos_ngram_PP_ADJ_NP	0.9999889900936306	
POS	_pos_ngram_ADJ_ART_ADJ	0.999989025961907	
POS	_pos_ngram_NP_NP_PP	0.999989102524599	
POS	_pos_ngram_CONJ_O_O	0.9999892211656377	
POS	_pos_ngram_ADJ_NP_V	0.9999895354366902	
POS	_pos_ngram_CARD_CONJ_NN	0.9999896304095943	
POS	_pos_ngram_NP_NN_ADJ	0.9999896304095943	
POS	_pos_ngram_O_CONJ_V	0.9999896338093629	
POS	_pos_ngram_O_ADV_ADV	0.9999896631489007	
POS	_pos_ngram_ADV_PP_ADV	0.9999896973992044	
POS	_pos_ngram_ART_NN_CARD	0.9999898336295951	
POS	_pos_ngram_ART_PUNC_NN	0.9999898598870803	
POS	_pos_ngram_PUNC_PR_PP	0.9999900050739312	
POS	_pos_ngram_ADJ_O_V	0.9999900187336896	
POS	_pos_ngram_PP_PR_NP	0.99999006922737	
POS	_pos_ngram_PR_O_PR	0.9999901759112781	
POS	_pos_ngram_O_ADJ_NN	0.9999903530589354	
POS	_pos_ngram_NP_CONJ_V	0.9999903554751531	
POS	_pos_ngram_O_PR_NN	0.9999904268743045	
POS	_pos_ngram_O_NP_PR	0.9999905404930548	
POS	_pos_ngram_V_PR_CONJ	0.9999905637131036	
POS	_pos_ngram_ADJ_ADJ_ART	0.9999906473248267	
POS	_pos_ngram_ADJ_ART_PP	0.9999906473248267	
POS	_pos_ngram_PP_ADV_CONJ	0.9999907055495669	
POS	_pos_ngram_ADJ_ART_CONJ	0.9999907795708287	
POS	_pos_ngram_ART_CONJ_ADV	0.9999907795708287	
POS	_pos_ngram_CONJ_PUNC_V	0.9999908289699444	
POS	_pos_ngram_PUNC_PP_ADV	0.9999909588948912	
POS	_pos_ngram_NN_CONJ_O	0.9999911628900868	
POS	_pos_ngram_ADJ_NP_PP	0.9999912486516699	
POS	_pos_ngram_ART_O_PR	0.9999912754500402	
POS	_pos_ngram_PUNC_NP_PR	0.9999913102608421	
POS	_pos_ngram_PR_ADJ_ADJ	0.9999913178096367	
POS	_pos_ngram_PUNC_PR_NP	0.9999917810613981	
POS	_pos_ngram_PUNC_O_ADV	0.999991876305925	
POS	_pos_ngram_ART_PUNC_ADJ	0.9999919238519812	
POS	_pos_ngram_PP_ADJ_CARD	0.9999920325693499	
POS	_pos_ngram_PP_ART_CONJ	0.9999920890403209	
POS	_pos_ngram_ADV_O_PR	0.9999921752474693	
POS	_pos_ngram_O_NP_ADV	0.9999921752474693	
POS	_pos_ngram_NN_CARD_NN	0.9999921971222461	
POS	_pos_ngram_PP_ADJ_ART	0.9999923229859433	
POS	_pos_ngram_O_ART_NP	0.9999924040158984	
POS	_pos_ngram_PP_ADJ_ADV	0.9999924340595516	
POS	_pos_ngram_ADV_V_CARD	0.9999925242582005	
POS	_pos_ngram_CONJ_O_CARD	0.9999926940152509	
POS	_pos_ngram_NN_O_ADJ	0.999992830654026	
POS	_pos_ngram_PP_PP_PP	0.9999928471364639	
POS	_pos_ngram_ADJ_ADJ_ADJ	0.9999928845951876	
POS	_pos_ngram_PR_O_O	0.9999929378617963	
POS	_pos_ngram_CONJ_PR_PR	0.9999930065316176	
POS	_pos_ngram_ART_CARD_CONJ	0.9999930191231619	
POS	_pos_ngram_ADV_ADJ_O	0.9999931996040958	
POS	_pos_ngram_NN_ART_ADV	0.9999932649450102	
POS	_pos_ngram_NP_NN_NP	0.9999934061546683	
POS	_pos_ngram_NN_NP_NN	0.9999934061546683	
POS	_pos_ngram_PUNC_NN_NP	0.9999934061546683	
POS	_pos_ngram_ADV_PP_CARD	0.9999934257648446	
POS	_pos_ngram_CONJ_ADV_NP	0.9999935221442676	
POS	_pos_ngram_NP_CONJ_O	0.9999935382203349	
POS	_pos_ngram_PUNC_O_NN	0.9999936515697685	
POS	_pos_ngram_O_O_CONJ	0.9999937581787892	
POS	_pos_ngram_NN_ART_PP	0.9999937773630387	
POS	_pos_ngram_PUNC_PUNC_NN	0.9999938112702829	
POS	_pos_ngram_ADJ_O_PP	0.999993827418208	
POS	_pos_ngram_PR_PUNC_NP	0.9999938347957326	
POS	_pos_ngram_PUNC_NP_PP	0.9999938525058487	
POS	_pos_ngram_O_V_O	0.999993910198436	
POS	_pos_ngram_NN_CARD_ADJ	0.9999939149462194	
POS	_pos_ngram_NP_PR_PP	0.9999939475782232	
POS	_pos_ngram_PUNC_CARD_V	0.999994381571851	
POS	_pos_ngram_CARD_ART_PUNC	0.9999944661029136	
POS	_pos_ngram_V_CARD_ART	0.9999944661029136	
POS	_pos_ngram_V_CARD_V	0.9999945265478694	
POS	_pos_ngram_V_CARD_CONJ	0.9999945265478694	
POS	_pos_ngram_PR_CONJ_PP	0.9999945777084998	
POS	_pos_ngram_PR_CARD_PP	0.9999946133927724	
POS	_pos_ngram_PUNC_V_CONJ	0.9999947343671943	
POS	_pos_ngram_ADV_ART_PP	0.9999947916974019	
POS	_pos_ngram_ADV_CARD_O	0.9999948571050042	
POS	_pos_ngram_O_NP_NP	0.9999948615140946	
POS	_pos_ngram_ADV_NP_O	0.9999949251297318	
POS	_pos_ngram_CONJ_PUNC_NN	0.9999949577814273	
POS	_pos_ngram_O_CONJ_PR	0.9999949770089142	
POS	_pos_ngram_PR_ART_CONJ	0.9999950027371731	
POS	_pos_ngram_PR_CONJ_PUNC	0.9999950675447516	
POS	_pos_ngram_O_PP_ADJ	0.9999952650482408	
POS	_pos_ngram_ADV_ADV_NP	0.999995291214204	
POS	_pos_ngram_O_ADV_CARD	0.9999953329505912	
POS	_pos_ngram_PR_ADV_CARD	0.9999953329505912	
POS	_pos_ngram_ADV_NP_NN	0.9999953358650175	
POS	_pos_ngram_ADV_O_ADV	0.9999953755614894	
POS	_pos_ngram_NP_ADV_O	0.9999953987666375	
POS	_pos_ngram_NN_PR_ADV	0.9999954395430926	
POS	_pos_ngram_ART_PP_NP	0.999995460470165	
POS	_pos_ngram_CARD_NP_CARD	0.9999954647698452	
POS	_pos_ngram_PP_CARD_NP	0.9999954647698452	
POS	_pos_ngram_CONJ_PR_ART	0.9999954757830498	
POS	_pos_ngram_PP_O_ADJ	0.9999954889654962	
POS	_pos_ngram_NP_O_PR	0.9999954962163466	
POS	_pos_ngram_PP_PP_CONJ	0.9999955343301341	
POS	_pos_ngram_NN_ADJ_CONJ	0.9999955598301413	
POS	_pos_ngram_O_ADJ_CONJ	0.9999955868026413	
POS	_pos_ngram_ADJ_ADV_ADJ	0.9999955903513701	
POS	_pos_ngram_V_CARD_ADJ	0.9999956175995001	
POS	_pos_ngram_ART_NP_O	0.9999956369593083	
POS	_pos_ngram_CARD_PUNC_CARD	0.9999956608762565	
POS	_pos_ngram_CARD_CARD_V	0.9999956608762565	
POS	_pos_ngram_NN_ART_PR	0.9999956608762565	
POS	_pos_ngram_PUNC_NP_CARD	0.9999957096240806	
POS	_pos_ngram_O_CARD_PP	0.9999957453966019	
POS	_pos_ngram_CONJ_ART_NP	0.9999957920643128	
POS	_pos_ngram_NN_CARD_V	0.999995840573496	
POS	_pos_ngram_PP_O_ADV	0.9999959427586255	
POS	_pos_ngram_O_PR_V	0.999995964189474	
POS	_pos_ngram_CONJ_PR_ADV	0.999995989358655	
POS	_pos_ngram_CARD_O_O	0.9999960573995699	
POS	_pos_ngram_ADV_ADV_PR	0.9999960701649897	
POS	_pos_ngram_NP_ART_ADJ	0.999996086045652	
POS	_pos_ngram_O_ART_PUNC	0.9999960883997172	
POS	_pos_ngram_ART_PR_CONJ	0.9999961031048701	
POS	_pos_ngram_CONJ_PR_CARD	0.9999961031048701	
POS	_pos_ngram_PUNC_CARD_PP	0.9999961031048701	
POS	_pos_ngram_PP_CARD_CONJ	0.9999961391290559	
POS	_pos_ngram_PUNC_V_V	0.9999961570523258	
POS	_pos_ngram_ADV_O_NN	0.9999961838131778	
POS	_pos_ngram_CARD_PUNC_ART	0.9999963521825233	
POS	_pos_ngram_PUNC_NN_CARD	0.9999964018307506	
POS	_pos_ngram_ADJ_ADV_ADV	0.9999964201228231	
POS	_pos_ngram_NP_CONJ_ADV	0.9999964326175619	
POS	_pos_ngram_NN_ADV_ART	0.9999964366717136	
POS	_pos_ngram_O_NN_PR	0.9999965119254351	
POS	_pos_ngram_PR_PUNC_ADJ	0.9999965170488136	
POS	_pos_ngram_NP_PP_CARD	0.999996559019878	
POS	_pos_ngram_NN_PR_NP	0.9999965762615834	
POS	_pos_ngram_ART_CONJ_V	0.9999967039451046	
POS	_pos_ngram_NN_ADJ_ADV	0.9999967750791472	
POS	_pos_ngram_CONJ_CONJ_V	0.9999967888553579	
POS	_pos_ngram_CARD_O_ART	0.9999967912108015	
POS	_pos_ngram_O_PP_CARD	0.9999968398975108	
POS	_pos_ngram_ADJ_PR_O	0.9999968739181495	
POS	_pos_ngram_PUNC_ADJ_O	0.9999969618309755	
POS	_pos_ngram_PUNC_V_O	0.9999969988742722	
POS	_pos_ngram_CARD_PUNC_O	0.9999970249539336	
POS	_pos_ngram_PP_PR_CARD	0.9999971401169827	
POS	_pos_ngram_O_O_NP	0.9999972239655615	
POS	_pos_ngram_NP_NP_CARD	0.9999972508258589	
POS	_pos_ngram_NP_ART_NN	0.9999973115304568	
POS	_pos_ngram_PUNC_CONJ_CONJ	0.9999973258077874	
POS	_pos_ngram_PUNC_CARD_CARD	0.9999973659794013	
POS	_pos_ngram_NP_PUNC_PUNC	0.9999974349197096	
POS	_pos_ngram_NP_CARD_PP	0.9999974562979116	
POS	_pos_ngram_PR_NP_V	0.999997519432195	
POS	_pos_ngram_ADJ_CARD_PP	0.9999975346192922	
POS	_pos_ngram_CONJ_O_ART	0.9999975609337053	
POS	_pos_ngram_NP_ADV_NP	0.999997565262612	
POS	_pos_ngram_CARD_V_PP	0.999997576327595	
POS	_pos_ngram_NP_V_CONJ	0.9999976452006367	
POS	_pos_ngram_ART_PR_ADJ	0.9999976573467488	
POS	_pos_ngram_CARD_ADV_PR	0.9999976631957315	
POS	_pos_ngram_PP_CARD_ADV	0.9999976631957315	
POS	_pos_ngram_O_CONJ_ADV	0.9999977157842107	
POS	_pos_ngram_PP_NP_NN	0.9999977703992812	
POS	_pos_ngram_CARD_V_PUNC	0.9999977855187593	
POS	_pos_ngram_NP_NP_O	0.9999978255458366	
POS	_pos_ngram_CONJ_PUNC_ADJ	0.9999978298457568	
POS	_pos_ngram_PP_PUNC_CARD	0.9999978298457568	
POS	_pos_ngram_CARD_V_ADJ	0.9999978644453004	
POS	_pos_ngram_CARD_PUNC_NP	0.9999979128340278	
POS	_pos_ngram_V_NP_ADJ	0.9999979152096451	
POS	_pos_ngram_NP_ADJ_PP	0.9999979152096451	
POS	_pos_ngram_ADJ_ADV_O	0.9999979287696501	
POS	_pos_ngram_ADJ_NP_PUNC	0.9999979384211988	
POS	_pos_ngram_PUNC_ART_ART	0.999997950506471	
POS	_pos_ngram_V_CARD_O	0.9999979733987562	
POS	_pos_ngram_NN_CARD_O	0.9999979733987562	
POS	_pos_ngram_PUNC_PP_CONJ	0.9999980309655065	
POS	_pos_ngram_CONJ_PP_CARD	0.9999980793197008	
POS	_pos_ngram_O_V_CONJ	0.999998094390342	
POS	_pos_ngram_CARD_ADV_ADV	0.9999980956507996	
POS	_pos_ngram_NN_CARD_ADV	0.9999980956507996	
POS	_pos_ngram_PP_ADV_NN	0.9999981072384063	
POS	_pos_ngram_ADV_CONJ_ADJ	0.9999981409311325	
POS	_pos_ngram_PUNC_ADV_CONJ	0.9999981409311325	
POS	_pos_ngram_O_ART_O	0.9999981410447901	
POS	_pos_ngram_NP_CARD_CONJ	0.9999981588214618	
POS	_pos_ngram_ADJ_NN_CARD	0.9999981612717408	
POS	_pos_ngram_ART_PP_ADV	0.999998180507242	
POS	_pos_ngram_O_PUNC_CARD	0.999998210439618	
POS	_pos_ngram_PUNC_V_CARD	0.999998210439618	
POS	_pos_ngram_ADJ_PR_PUNC	0.99999821688355	
POS	_pos_ngram_ADV_PR_ART	0.9999982768993536	
POS	_pos_ngram_ART_NP_ADJ	0.9999982912445784	
POS	_pos_ngram_ART_ART_PR	0.9999983893789688	
POS	_pos_ngram_NP_PP_ADV	0.999998426970061	
POS	_pos_ngram_ART_PUNC_NP	0.9999984395602638	
POS	_pos_ngram_NP_O_ADV	0.9999984943981166	
POS	_pos_ngram_NP_PR_ADV	0.9999985389300834	
POS	_pos_ngram_CONJ_PUNC_PP	0.9999985420146338	
POS	_pos_ngram_CARD_PUNC_NN	0.9999985620144918	
POS	_pos_ngram_CARD_V_V	0.9999985675481987	
POS	_pos_ngram_O_ADV_O	0.9999986647106972	
POS	_pos_ngram_NN_ART_NP	0.9999986895377735	
POS	_pos_ngram_NP_PUNC_ADJ	0.9999987821509256	
POS	_pos_ngram_PP_CONJ_ART	0.9999987960540604	
POS	_pos_ngram_NP_PP_O	0.9999988035693897	
POS	_pos_ngram_CARD_ART	0.9999988744208951	
POS	_pos_ngram_NP_PP_NN	0.999998888923184	
POS	_pos_ngram_PUNC_PUNC_V	0.9999989414231422	
POS	_pos_ngram_PP_CARD_O	0.999998983608954	
POS	_pos_ngram_CARD_O_PR	0.999998983608954	
POS	_pos_ngram_CARD_CONJ_ADV	0.999998987780803	
POS	_pos_ngram_ART_O_PUNC	0.9999989940367005	
POS	_pos_ngram_PR_ART_ADV	0.999999048056883	
POS	_pos_ngram_PP_CONJ_PR	0.9999990969985542	
POS	_pos_ngram_ART_ART_ADV	0.9999991552215857	
POS	_pos_ngram_PUNC_PR_ART	0.9999991657996276	
POS	_pos_ngram_CONJ_NP_ADJ	0.9999991806071471	
POS	_pos_ngram_PP_CARD_CARD	0.9999991813865172	
POS	_pos_ngram_O_ART_PR	0.9999991940407387	
POS	_pos_ngram_ART_NP_NN	0.999999197655822	
POS	_pos_ngram_PUNC_CONJ_PUNC	0.9999992099953328	
POS	_pos_ngram_PUNC_O_CARD	0.9999992274566323	
POS	_pos_ngram_CONJ_NP_NN	0.9999992577359984	
POS	_pos_ngram_NP_NP_ADJ	0.9999992794882615	
POS	_pos_ngram_V_NP_ART	0.9999993802259282	
POS	_pos_ngram_CARD_O_PP	0.9999994496448477	
POS	_pos_ngram_O_ADJ_PR	0.99999945417047	
POS	_pos_ngram_ADJ_PR_NN	0.9999994619085261	
POS	_pos_ngram_ADV_ADJ_NP	0.9999994707219992	
POS	_pos_ngram_O_O_CARD	0.9999995382369388	
POS	_pos_ngram_ART_CONJ_PP	0.9999995394259178	
POS	_pos_ngram_PR_ADV_NP	0.9999995394259178	
POS	_pos_ngram_CONJ_V_PUNC	0.9999995465230895	
POS	_pos_ngram_CONJ_CARD_PR	0.9999995811370896	
POS	_pos_ngram_PP_CONJ_CARD	0.9999995811370896	
POS	_pos_ngram_ADJ_V_ART	0.9999996264585944	
POS	_pos_ngram_ADV_PR_CONJ	0.9999996479136867	
POS	_pos_ngram_CONJ_V_O	0.999999656991793	
POS	_pos_ngram_PR_PR_CONJ	0.9999996623136844	
POS	_pos_ngram_CONJ_O_PP	0.9999996623136844	
POS	_pos_ngram_V_O_CARD	0.999999666617021	
POS	_pos_ngram_PUNC_ART_CONJ	0.999999680515856	
POS	_pos_ngram_ART_V_O	0.999999686700308	
POS	_pos_ngram_ADV_CONJ_PUNC	0.9999996953019996	
POS	_pos_ngram_V_CONJ_PUNC	0.9999996953019996	
POS	_pos_ngram_PR_CONJ_O	0.9999997467977861	
POS	_pos_ngram_PR_PP_O	0.999999769279027	
POS	_pos_ngram_NP_O_ART	0.9999997766625551	
POS	_pos_ngram_CONJ_PUNC_ADV	0.9999997941647611	
POS	_pos_ngram_PR_ADJ_CARD	0.9999997949184862	
POS	_pos_ngram_CARD_O_NN	0.9999998057396455	
POS	_pos_ngram_NP_ART_ART	0.999999812455845	
POS	_pos_ngram_CONJ_CARD_V	0.999999813417445	
POS	_pos_ngram_NP_CARD_ADV	0.9999998465515821	
POS	_pos_ngram_CONJ_PUNC_PR	0.9999998476402474	
POS	_pos_ngram_CONJ_ART_CARD	0.9999998876637275	
POS	_pos_ngram_O_NP_CONJ	0.9999998985068561	
POS	_pos_ngram_CARD_V_PR	0.9999998987069407	
POS	_pos_ngram_NP_PR_CONJ	0.9999999149035427	
POS	_pos_ngram_NN_ADJ_ART	0.9999999149035427	
POS	_pos_ngram_ADV_ART_CARD	0.9999999170678642	
POS	_pos_ngram_ART_ART_CARD	0.9999999222688076	
POS	_pos_ngram_ADV_PUNC_CARD	0.999999926714397	
POS	_pos_ngram_PR_NP_ADV	0.9999999652116447	
POS	_pos_ngram_ADV_O_CARD	0.9999999705519687	
POS	_pos_ngram_PUNC_CARD_ADV	0.999999976627793	
POS	_pos_ngram_PR_ADJ_O	0.9999999810003791	
POS	_pos_ngram_PR_ADJ_NP	0.9999999961472158	
POS	_pos_ngram_PUNC_PUNC_ADJ	1.0000000024462465	
POS	_pos_ngram_ADJ_V_O	1.0000000108061156	
POS	_pos_ngram_PUNC_ADJ_ADV	1.0000000122298325	
POS	_pos_ngram_ART_ADV_O	1.0000000191850793	
POS	_pos_ngram_CONJ_ADV_CONJ	1.0000000259659185	
POS	_pos_ngram_PR_ADV_PUNC	1.0000000348065534	
POS	_pos_ngram_ADJ_O_CONJ	1.0000000488207001	
POS	_pos_ngram_PR_PR_ADJ	1.0000000569108258	
POS	_pos_ngram_ART_NP_ADV	1.0000000683831587	
POS	_pos_ngram_CONJ_PR_PUNC	1.0000000683831587	
POS	_pos_ngram_CARD_NP_ART	1.0000000968235148	
POS	_pos_ngram_ADV_ADJ_CARD	1.0000000968235148	
POS	_pos_ngram_ADJ_CARD_NP	1.0000000968235148	
POS	_pos_ngram_NN_NN_NP	1.0000001092600617	
POS	_pos_ngram_PUNC_ADJ_CARD	1.0000001100784406	
POS	_pos_ngram_CONJ_ART_PUNC	1.000000148403884	
POS	_pos_ngram_ART_CONJ_NN	1.0000001873427249	
POS	_pos_ngram_PR_ART_NP	1.0000002123039298	
POS	_pos_ngram_PP_NP_PR	1.0000002682498157	
POS	_pos_ngram_V_NP_CARD	1.0000002761385336	
POS	_pos_ngram_PR_ADJ_ART	1.0000002807568489	
POS	_pos_ngram_NN_CONJ_CONJ	1.0000002957275034	
POS	_pos_ngram_PP_O_ART	1.0000003315991486	
POS	_pos_ngram_CARD_NN_CARD	1.0000003393707217	
POS	_pos_ngram_NN_CONJ_PUNC	1.0000003801740864	
POS	_pos_ngram_PR_ADV_O	1.0000003856786572	
POS	_pos_ngram_PR_NP_PP	1.000000398030218	
POS	_pos_ngram_CONJ_PR_PP	1.0000003991566344	
POS	_pos_ngram_ADJ_O_NN	1.000000406145474	
POS	_pos_ngram_ART_ADV_ART	1.0000004883018645	
POS	_pos_ngram_V_CARD_PP	1.000000519855636	
POS	_pos_ngram_CARD_ADV_V	1.0000005215832553	
POS	_pos_ngram_ADJ_ART_ART	1.0000005320468743	
POS	_pos_ngram_CARD_CONJ_O	1.0000005493894721	
POS	_pos_ngram_CARD_CARD_ART	1.0000005493894721	
POS	_pos_ngram_PUNC_ADJ_CONJ	1.0000005699735535	
POS	_pos_ngram_NP_NP_ART	1.0000005906741396	
POS	_pos_ngram_PUNC_O_CONJ	1.000000604694899	
POS	_pos_ngram_ADJ_V_PR	1.000000606490024	
POS	_pos_ngram_PP_CONJ_ADV	1.0000006077491572	
POS	_pos_ngram_O_CONJ_NP	1.0000006352012418	
POS	_pos_ngram_ART_PR_ART	1.0000006804537687	
POS	_pos_ngram_CONJ_PUNC	1.0000007091454073	
POS	_pos_ngram_PR_CARD	1.0000007878179602	
POS	_pos_ngram_CONJ_ADJ_V	1.000000799870964	
POS	_pos_ngram_CONJ_O_NP	1.0000008073726558	
POS	_pos_ngram_ADJ_CARD_V	1.000000822923976	
POS	_pos_ngram_PUNC_CONJ_CARD	1.000000844875587	
POS	_pos_ngram_O_NP_ADJ	1.000000888408753	
POS	_pos_ngram_ART_O_CARD	1.000000888408753	
POS	_pos_ngram_PR_PR_ART	1.0000009121314453	
POS	_pos_ngram_O_CARD_PR	1.0000009171744524	
POS	_pos_ngram_O_CARD_CONJ	1.000000963169865	
POS	_pos_ngram_PP_PUNC_PUNC	1.000001036253146	
POS	_pos_ngram_CONJ_PP_NP	1.0000011214880056	
POS	_pos_ngram_PUNC_NN_O	1.000001135554878	
POS	_pos_ngram_PR_PUNC_PUNC	1.0000011674654583	
POS	_pos_ngram_O_PR_PR	1.0000012696635212	
POS	_pos_ngram_PR_NP_NP	1.0000013109173718	
POS	_pos_ngram_PR_CARD_CARD	1.000001314436813	
POS	_pos_ngram_CARD_O_CONJ	1.000001314436813	
POS	_pos_ngram_PR_CONJ_ADJ	1.0000013229227345	
POS	_pos_ngram_ADV_O_NP	1.0000013831898562	
POS	_pos_ngram_ADV_PP_PUNC	1.000001450804268	
POS	_pos_ngram_PP_ADJ_O	1.0000014715015961	
POS	_pos_ngram_CARD_CONJ_CARD	1.0000015003253193	
POS	_pos_ngram_CARD_V_O	1.0000015171900372	
POS	_pos_ngram_PR_O_V	1.0000015503995112	
POS	_pos_ngram_ART_ART_V	1.000001553514225	
POS	_pos_ngram_PUNC_CARD_PR	1.000001637210061	
POS	_pos_ngram_ART_ADJ_ADV	1.0000016436203807	
POS	_pos_ngram_O_ADV_ART	1.0000016807321424	
POS	_pos_ngram_O_NP_PP	1.0000016982021964	
POS	_pos_ngram_CONJ_PR_NP	1.000001708864038	
POS	_pos_ngram_CARD_ADV	1.0000017369741063	
POS	_pos_ngram_PR_PR_PP	1.000001760725044	
POS	_pos_ngram_CARD_PP_NN	1.0000018343494583	
POS	_pos_ngram_O_CARD_ART	1.0000018343494583	
POS	_pos_ngram_ADJ_NN_NP	1.0000018376596609	
POS	_pos_ngram_ADV_PR_CARD	1.000001851925405	
POS	_pos_ngram_NN_ADV_CARD	1.000001891795486	
POS	_pos_ngram_O_PR_ADJ	1.000001891795486	
POS	_pos_ngram_NP_NN_CONJ	1.0000019027400726	
POS	_pos_ngram_PUNC_PUNC_CARD	1.000001905555125	
POS	_pos_ngram_CARD_CARD_PUNC	1.0000019415032901	
POS	_pos_ngram_CARD_CARD_PP	1.0000019415032901	
POS	_pos_ngram_CARD_CONJ_ADJ	1.00000195617509	
POS	_pos_ngram_NP_PUNC_CONJ	1.0000020395625882	
POS	_pos_ngram_PUNC_PUNC_PUNC	1.0000021131776053	
POS	_pos_ngram_PUNC_O_NP	1.0000021491362419	
POS	_pos_ngram_CONJ_ADJ_CARD	1.0000021623350963	
POS	_pos_ngram_PR_NN_CARD	1.0000021623350963	
POS	_pos_ngram_CONJ_ADJ_ADV	1.0000021853256527	
POS	_pos_ngram_ART_ADV_ADV	1.0000022186217836	
POS	_pos_ngram_CARD_ART_NN	1.0000022323088031	
POS	_pos_ngram_V_NN_CARD	1.0000022748134023	
POS	_pos_ngram_NP_CARD_V	1.0000023209046742	
POS	_pos_ngram_ADV_NP_PP	1.0000023235403481	
POS	_pos_ngram_PR_PP_CARD	1.0000023825511446	
POS	_pos_ngram_PUNC_PR_PUNC	1.0000025365734189	
POS	_pos_ngram_ART_CARD_PR	1.0000025429750639	
POS	_pos_ngram_PR_ART_PUNC	1.0000025560633938	
POS	_pos_ngram_NN_ADJ_CARD	1.0000025914946902	
POS	_pos_ngram_O_O_ADV	1.00000262213008	
POS	_pos_ngram_ADV_O_PP	1.0000026302631675	
POS	_pos_ngram_PR_PR_PUNC	1.0000026515352376	
POS	_pos_ngram_ADJ_O_ADV	1.000002728122782	
POS	_pos_ngram_NN_CARD_PR	1.0000027477305593	
POS	_pos_ngram_PP_PUNC_CONJ	1.0000027648717758	
POS	_pos_ngram_PP_O_CARD	1.0000027823136066	
POS	_pos_ngram_O_ADV_V	1.000002816266801	
POS	_pos_ngram_NP_O_O	1.0000028216769095	
POS	_pos_ngram_NN_ART_ART	1.0000028593946027	
POS	_pos_ngram_PR_ADJ_V	1.0000028755281305	
POS	_pos_ngram_O_NP_V	1.0000028871035995	
POS	_pos_ngram_CONJ_ADJ_O	1.0000029583185785	
POS	_pos_ngram_O_PP_PP	1.0000029822272598	
POS	_pos_ngram_CARD_V_NN	1.0000032021950787	
POS	_pos_ngram_PUNC_PR_O	1.000003244403318	
POS	_pos_ngram_CARD_PP_CARD	1.0000032827153211	
POS	_pos_ngram_ADJ_ADJ_CONJ	1.0000033027420407	
POS	_pos_ngram_PP_CONJ_O	1.000003307844147	
POS	_pos_ngram_V_ART_CONJ	1.0000033152687267	
POS	_pos_ngram_O_NN_ART	1.000003325161888	
POS	_pos_ngram_NP_ART_NP	1.0000033431720978	
POS	_pos_ngram_V_O_ADV	1.000003351422974	
POS	_pos_ngram_V_O_PR	1.000003388857096	
POS	_pos_ngram_ADV_CARD_PP	1.000003433451917	
POS	_pos_ngram_CARD_CARD_CARD	1.0000034787592569	
POS	_pos_ngram_O_PR_O	1.0000034921009262	
POS	_pos_ngram_PR_ADJ_PR	1.0000034976968568	
POS	_pos_ngram_ART_V_PUNC	1.0000035037338653	
POS	_pos_ngram_ADV_ART_NP	1.0000035271808954	
POS	_pos_ngram_PUNC_PP	1.0000037240642008	
POS	_pos_ngram_ADJ_PR_PP	1.0000038444660775	
POS	_pos_ngram_PUNC_PR_PR	1.000003883505745	
POS	_pos_ngram_ART_PR_ADV	1.0000039452455085	
POS	_pos_ngram_PUNC_PUNC_NP	1.0000041100428716	
POS	_pos_ngram_O_PUNC_ADJ	1.0000042017516004	
POS	_pos_ngram_PR_CARD_NN	1.0000042501675162	
POS	_pos_ngram_ART_CARD_ADV	1.0000042826321927	
POS	_pos_ngram_CARD_ADV_PP	1.0000042826321927	
POS	_pos_ngram_PP_CARD_PP	1.0000043879961973	
POS	_pos_ngram_NP_ADV_ADJ	1.000004532417952	
POS	_pos_ngram_PR_NN_NP	1.00000453566435	
POS	_pos_ngram_CARD_NP_PUNC	1.00000453566435	
POS	_pos_ngram_NN_CARD_NP	1.00000453566435	
POS	_pos_ngram_ART_PP_CARD	1.0000045417271464	
POS	_pos_ngram_O_O_PP	1.0000045418904082	
POS	_pos_ngram_O_PP_O	1.0000046185957046	
POS	_pos_ngram_PR_ADV_NN	1.0000049688893422	
POS	_pos_ngram_ART_CARD_O	1.0000050711601325	
POS	_pos_ngram_ADV_ART_PUNC	1.0000050903560471	
POS	_pos_ngram_V_PP_O	1.0000051471836346	
POS	_pos_ngram_PR_PP_NP	1.0000051705357909	
POS	_pos_ngram_PR_ART_O	1.0000052303657188	
POS	_pos_ngram_PUNC_NN_ADJ	1.0000052861143953	
POS	_pos_ngram_CONJ_PR_ADJ	1.0000054738615727	
POS	_pos_ngram_PUNC_V_PUNC	1.00000576376759	
POS	_pos_ngram_PR_ADV_CONJ	1.0000058041228843	
POS	_pos_ngram_NN_PR_ART	1.0000059231176328	
POS	_pos_ngram_NP_ADV_ART	1.0000059808364359	
POS	_pos_ngram_PUNC_NP_ADV	1.0000060836411209	
POS	_pos_ngram_ART_O_NP	1.0000060931440768	
POS	_pos_ngram_ADJ_PP_O	1.0000061243229732	
POS	_pos_ngram_PP_O_NP	1.000006270520013	
POS	_pos_ngram_CONJ_O_ADV	1.0000063553860419	
POS	_pos_ngram_NN_ADJ_V	1.0000064601120884	
POS	_pos_ngram_V_O_NP	1.0000065582614883	
POS	_pos_ngram_CARD_CARD_NN	1.0000066128834537	
POS	_pos_ngram_NN_ADJ_ADJ	1.0000068114479455	
POS	_pos_ngram_PP_NP_CARD	1.000006866397501	
POS	_pos_ngram_PUNC_ART_PUNC	1.000006953753023	
POS	_pos_ngram_ADV_CARD_CARD	1.0000069565454628	
POS	_pos_ngram_CONJ_PP_ADV	1.000007129696733	
POS	_pos_ngram_CONJ_PP_O	1.000007155353259	
POS	_pos_ngram_ADV_ART_ART	1.000007223470419	
POS	_pos_ngram_ART_PUNC_CONJ	1.0000072364712387	
POS	_pos_ngram_PR_ADV_ART	1.0000075464716942	
POS	_pos_ngram_ART_CARD_PUNC	1.0000079835230236	
POS	_pos_ngram_NN_CARD_CONJ	1.0000080160364244	
POS	_pos_ngram_PP_CONJ_NN	1.0000081015221263	
POS	_pos_ngram_O_NP_PUNC	1.0000081456532088	
POS	_pos_ngram_NP_NN_PR	1.0000082193850095	
POS	_pos_ngram_CONJ_V_CARD	1.000008231905333	
POS	_pos_ngram_ART_CONJ_ART	1.0000082438494495	
POS	_pos_ngram_O_CONJ_PP	1.0000082526438168	
POS	_pos_ngram_CARD_NP	1.0000082585718704	
POS	_pos_ngram_PP_PP_O	1.0000082824654293	
POS	_pos_ngram_NP_PUNC_CARD	1.000008565510755	
POS	_pos_ngram_PUNC_PP_PUNC	1.0000086858211983	
POS	_pos_ngram_V_PUNC_PUNC	1.0000088510614187	
POS	_pos_ngram_O_CARD_CARD	1.0000088977979968	
POS	_pos_ngram_O_V_ADJ	1.0000091219335834	
POS	_pos_ngram_O_ADV_PP	1.0000091308249677	
POS	_pos_ngram_PP_ADV_O	1.00000918002339	
POS	_pos_ngram_NP_NN_NN	1.0000092716919595	
POS	_pos_ngram_NN_NP_PUNC	1.0000096234123714	
POS	_pos_ngram_PUNC_PUNC_CONJ	1.0000096958542792	
POS	_pos_ngram_ART_O_ADJ	1.00000976831527	
POS	_pos_ngram_V_PP_CARD	1.0000098395151351	
POS	_pos_ngram_NN_PUNC_ADJ	1.0000104136999801	
POS	_pos_ngram_NP_PUNC_O	1.0000105620348005	
POS	_pos_ngram_CARD_PP_ADJ	1.0000108080321908	
POS	_pos_ngram_ADV_NP_V	1.0000116551399492	
POS	_pos_ngram_NN_V_NN	1.0000117776869772	
POS	_pos_ngram_NP_PUNC_ADV	1.0000122548117787	
POS	_pos_ngram_PUNC_ADV_CARD	1.0000123417660505	
POS	_pos_ngram_NP_O_NP	1.0000124153410954	
POS	_pos_ngram_ART_ART_ADJ	1.000012534554384	
POS	_pos_ngram_ADJ_V_ADJ	1.0000125576953658	
POS	_pos_ngram_PUNC_PP_NP	1.000012605357218	
POS	_pos_ngram_CARD_V_ADV	1.0000126686072437	
POS	_pos_ngram_NP_CONJ_ART	1.000012865801193	
POS	_pos_ngram_NP_CONJ_NN	1.000012881390512	
POS	_pos_ngram_ADV_ADJ_V	1.0000129741593529	
POS	_pos_ngram_PUNC_NP_ART	1.0000133523718597	
POS	_pos_ngram_NP_NP_PR	1.000013434486829	
POS	_pos_ngram_PUNC_PP_CARD	1.0000136431101123	
POS	_pos_ngram_CARD_NN_NP	1.0000137706431393	
POS	_pos_ngram_CARD_NN_NN	1.000014080698643	
POS	_pos_ngram_V_NN_NP	1.000014132560407	
POS	_pos_ngram_ADV_ADJ_ART	1.000014218310589	
POS	_pos_ngram_O_ADV_ADJ	1.0000143294594683	
POS	_pos_ngram_ADV_CARD_NN	1.0000150740616771	
POS	_pos_ngram_ADJ_ADV_PR	1.0000151008982625	
POS	_pos_ngram_CONJ_V_CONJ	1.0000151962611774	
POS	_pos_ngram_V_PR_ADJ	1.0000160152598152	
POS	_pos_ngram_V_NP_NN	1.0000161152758522	
POS	_pos_ngram_ART_ADV_PUNC	1.0000164563140743	
POS	_pos_ngram_ART_ADJ_ART	1.0000164817039507	
POS	_pos_ngram_O_PP_PR	1.0000169848736844	
POS	_pos_ngram_ART_ADJ_V	1.0000173075593453	
POS	_pos_ngram_PUNC_ART_NP	1.0000173236292982	
POS	_pos_ngram_ADV_PUNC_NP	1.0000176923953934	
POS	_pos_ngram_ADV_ADJ_ADJ	1.0000179907148303	
POS	_pos_ngram_V_O_ART	1.0000182707366907	
POS	_pos_ngram_V_PUNC_ADJ	1.0000184027900452	
POS	_pos_ngram_O_NN_CARD	1.0000197418291212	
POS	_pos_ngram_ADV_ADV_CONJ	1.0000198466132972	
POS	_pos_ngram_ADJ_CONJ_PP	1.000020046015931	
POS	_pos_ngram_O_ADV	1.0000203114932362	
POS	_pos_ngram_ADV_ADV_CARD	1.00002039015505	
POS	_pos_ngram_CONJ_PP_ADJ	1.0000215863198165	
POS	_pos_ngram_PP_ADV_V	1.0000219919445068	
POS	_pos_ngram_PUNC_ART_PR	1.0000226354392434	
POS	_pos_ngram_PR_NN_O	1.0000226674645194	
POS	_pos_ngram_NN_ADV_O	1.0000232058054475	
POS	_pos_ngram_CONJ_ADV_PP	1.0000235539015345	
POS	_pos_ngram_CONJ_ADV_ADV	1.0000237236776268	
POS	_pos_ngram_ADV_ADV_O	1.0000239408430793	
POS	_pos_ngram_PP_ART_O	1.0000249512306902	
POS	_pos_ngram_NP_O_CONJ	1.0000252841994413	
POS	_pos_ngram_NN_PUNC_PUNC	1.0000254513931717	
POS	_pos_ngram_O_V_ART	1.0000274966592646	
POS	_pos_ngram_NN_ADV_NN	1.0000275771104223	
POS	_pos_ngram_V_PP_CONJ	1.000028114574652	
POS	_pos_ngram_PP_PP_ADJ	1.0000281497030592	
POS	_pos_ngram_V_O_ADJ	1.000028487406964	
POS	_pos_ngram_PP_ADJ_CONJ	1.0000303426951822	
POS	_pos_ngram_ADV_NN_ART	1.00003058409554	
POS	_pos_ngram_CARD_O	1.0000307052671686	
POS	_pos_ngram_CARD_PP	1.0000308953411157	
POS	_pos_ngram_O_V_ADV	1.0000309379356112	
POS	_pos_ngram_NN_CONJ_ADJ	1.0000309945077817	
POS	_pos_ngram_ADJ_CARD_PUNC	1.000031433591505	
POS	_pos_ngram_ART_ADV	1.0000314391270893	
POS	_pos_ngram_V_PP_PUNC	1.000031543491507	
POS	_pos_ngram_NN_ADV_CONJ	1.0000319478041588	
POS	_pos_ngram_ADV_PUNC_CONJ	1.00003234195165	
POS	_pos_ngram_PP_V_CARD	1.0000327424583422	
POS	_pos_ngram_PP_CARD_PUNC	1.0000334133472453	
POS	_pos_ngram_ART_NN_ADJ	1.0000335150900188	
POS	_pos_ngram_CONJ_PP_NN	1.000034180931189	
POS	_pos_ngram_CARD_NN_ADJ	1.0000350003163265	
POS	_pos_ngram_PUNC_V_NN	1.0000351609980773	
POS	_pos_ngram_PP_ADV_ADV	1.0000356437194333	
POS	_pos_ngram_PP_NP_CONJ	1.0000361442480883	
POS	_pos_ngram_O_CARD	1.0000368268012412	
POS	_pos_ngram_NN_PP_CARD	1.0000368499551306	
POS	_pos_ngram_V_V_O	1.0000375439593678	
POS	_pos_ngram_O_NP_O	1.0000383520187488	
POS	_pos_ngram_PR_ADJ_CONJ	1.0000391118999978	
POS	_pos_ngram_O_V_PP	1.0000393116895627	
POS	_pos_ngram_V_ADJ_PR	1.0000401324790116	
POS	_pos_ngram_ADV_PP_NP	1.0000403208713813	
POS	_pos_ngram_PUNC_O	1.0000420423466838	
POS	_pos_ngram_CARD_PUNC_PR	1.0000449108430893	
POS	_pos_ngram_CONJ_ART_ADJ	1.000045519025629	
POS	_pos_ngram_ADJ_NN_O	1.000046026816646	
POS	_pos_ngram_PR_ADV_ADJ	1.000046825882766	
POS	_pos_ngram_CARD_NN_O	1.0000472226196115	
POS	_pos_ngram_CONJ_ADJ_ADJ	1.000048410678563	
POS	_pos_ngram_CARD_PP_ART	1.000048611930778	
POS	_pos_ngram_NN_CONJ_V	1.0000487397045843	
POS	_pos_ngram_ART_NP_V	1.0000488518284356	
POS	_pos_ngram_ADJ_CARD_NN	1.000049317999196	
POS	_pos_ngram_PP_NP_ADV	1.0000507000991985	
POS	_pos_ngram_NN_O_O	1.000051215961863	
POS	_pos_ngram_PUNC_CONJ_ART	1.0000523182000087	
POS	_pos_ngram_PUNC_CONJ_V	1.0000528423077832	
POS	_pos_ngram_PP_O_V	1.0000532014737038	
POS	_pos_ngram_V_ADJ_O	1.0000533343454756	
POS	_pos_ngram_PUNC_ADV_ADV	1.0000536439445376	
POS	_pos_ngram_PUNC_ADV_ART	1.0000561665461796	
POS	_pos_ngram_PUNC_ADV_PR	1.0000572785819934	
POS	_pos_ngram_PP_ART_V	1.0000573812405942	
POS	_pos_ngram_PP_O_O	1.0000574400919247	
POS	_pos_ngram_ADV_NP	1.0000581764764498	
POS	_pos_ngram_ADJ_O	1.0000597493332033	
POS	_pos_ngram_NN_O_PUNC	1.0000599431421908	
POS	_pos_ngram_NP_PUNC_PP	1.000062025332545	
POS	_pos_ngram_O_O_PUNC	1.000062066139316	
POS	_pos_ngram_CARD_CARD	1.0000645331135414	
POS	_pos_ngram_V_NN_PUNC	1.000064695842461	
POS	_pos_ngram_NN_CARD_PUNC	1.000066272517986	
POS	_pos_ngram_NN_PP_PP	1.0000713202769114	
POS	_pos_ngram_V_ART_NP	1.000072612202573	
POS	_pos_ngram_ART_ADJ_PUNC	1.0000749872475208	
POS	_pos_ngram_PP_ART_ADV	1.0000750723328582	
POS	_pos_ngram_PUNC_O_PUNC	1.0000792506178142	
POS	_pos_ngram_PP_NN_PR	1.000079690206705	
POS	_pos_ngram_PR_PP_NN	1.0000808894836808	
POS	_pos_ngram_V_V_CONJ	1.0000840383299292	
POS	_pos_ngram_NN_ADV_PP	1.0000862245089388	
POS	_pos_ngram_NN_NN_PP	1.0000879962935723	
POS	_pos_ngram_PUNC_O_V	1.0000891667540994	
POS	_pos_ngram_ADJ_CARD	1.0000895242614223	
POS	_pos_ngram_O_ART	1.0000912898118184	
POS	_pos_ngram_V_NN_PR	1.0000940684226323	
POS	_pos_ngram_PUNC_NN_PUNC	1.000095056344934	
POS	_pos_ngram_NN_V_ART	1.0000964375395582	
POS	_pos_ngram_PUNC_V_PR	1.0000985294511324	
POS	_pos_ngram_CARD_PUNC_PP	1.0001013542439545	
POS	_pos_ngram_O_NP	1.0001024324550702	
POS	_pos_ngram_NN_ADJ_PP	1.0001063236497434	
POS	_pos_ngram_V_PUNC_ADV	1.000107644519865	
POS	_pos_ngram_PP_PR_ADJ	1.0001082825093197	
POS	_pos_ngram_CONJ_NN_PP	1.0001103829926683	
POS	_pos_ngram_PUNC_NP_NP	1.0001107814636925	
POS	_pos_ngram_ADJ_ADJ_NN	1.0001132912034691	
POS	_pos_ngram_ADJ_PP_PR	1.0001189816121414	
POS	_pos_ngram_ADV_CARD	1.0001201527884678	
POS	_pos_ngram_V_PUNC_ART	1.000122623612737	
POS	_pos_ngram_ADJ_CONJ	1.0001286455313858	
POS	_pos_ngram_V_PR_PR	1.0001420944084995	
POS	_pos_ngram_ADV_ADJ_PUNC	1.0001423466689539	
POS	_pos_ngram_NN_CARD	1.0001562203468286	
POS	_pos_ngram_ADV_O	1.0001582474303188	
POS	_pos_ngram_V_ADJ_PUNC	1.0001659219081138	
POS	_pos_ngram_ADJ_ADJ	1.0001735398619114	
POS	_pos_ngram_NN_ART_V	1.0001746519759656	
POS	_pos_ngram_NN_V_ADJ	1.0001774042175442	
POS	_pos_ngram_PR_PP_V	1.000191619755395	
POS	_pos_ngram_PUNC_CONJ_PR	1.0001932192416645	
POS	_pos_ngram_PR_PR_V	1.000198215660958	
POS	_pos_ngram_PR_V_PP	1.000199820234729	
POS	_pos_ngram_ART_PR_V	1.000200855095448	
POS	_pos_ngram_O_NN_O	1.0002012961208808	
POS	_pos_ngram_NP_O	1.0002030273994709	
POS	_pos_ngram_ADV_ART	1.000203242291309	
POS	_pos_ngram_V_ART_V	1.000203875386249	
POS	_pos_ngram_ADV_V_ADV	1.00021137560494	
POS	_pos_ngram_NN_PUNC_PR	1.0002227457343549	
POS	_pos_ngram_NN_ADV_V	1.000225477118123	
POS	_pos_ngram_ART_PR	1.0002354009138208	
POS	_pos_ngram_PR_NN_V	1.0002447705276531	
POS	_pos_ngram_ART_NN_NN	1.0002523120533677	
POS	_pos_ngram_V_V_PUNC	1.000260654506768	
POS	_pos_ngram_PR_ADJ	1.0002768089607952	
POS	_pos_ngram_PP_NN_PP	1.0002981506290722	
POS	_pos_ngram_ADJ_PUNC_PR	1.0003011549239886	
POS	_pos_ngram_PP_NN_V	1.0003039776407818	
POS	_pos_ngram_NP_NN	1.0003412119629016	
POS	_pos_ngram_NN_PUNC_PP	1.0003440976290308	
POS	_pos_ngram_PP_V_NN	1.0003850025388132	
POS	_pos_ngram_O_NN	1.000404253750744	
POS	_pos_ngram_NP_PUNC	1.0004623256447078	
POS	_pos_ngram_V_ADV_ADJ	1.0004670412850074	
POS	_pos_ngram_V_PR_V	1.000482839086107	
POS	_pos_ngram_ADJ_PP_ART	1.0004837006869418	
POS	_pos_ngram_ADV_ART_NN	1.0005158981949367	
POS	_pos_ngram_O	1.000524546997031	
POS	_pos_ngram_V_PR_PP	1.0005601254883403	
POS	_pos_ngram_V_PP_NN	1.000560508926584	
POS	_pos_ngram_ADV_V_PR	1.000694462930663	
POS	_pos_ngram_ADV_PR	1.0007172053511553	
POS	_pos_ngram_ADV_PR_V	1.0007582658224616	
POS	_pos_ngram_ADV_ADJ	1.00076259984507	
POS	_pos_ngram_V_PR_NN	1.0007682753898703	
POS	_pos_ngram_NN_ART	1.0007730299679571	
POS	_pos_ngram_PP_ART	1.0007980581410465	
POS	_pos_ngram_PP_ART_ADJ	1.0008388548998606	
POS	_pos_ngram_PP_V_PP	1.0008806188269788	
POS	_pos_ngram_ART_NN_PUNC	1.000953909874424	
POS	_pos_ngram_NN_PP_ART	1.0010278035365932	
POS	_pos_ngram_ADJ_NN_V	1.0013457067630798	
POS	_pos_ngram_PR_PP	1.0013505655226769	
POS	_pos_ngram_PUNC_ADV	1.0013867537176278	
POS	_pos_ngram_PUNC_CONJ	1.0015471775887381	
POS	_pos_ngram_NN_PP_NN	1.0017182507711606	
POS	_pos_ngram_PR_V_ADV	1.0020386265835157	
POS	_pos_ngram_V_PP_V	1.00209857306996	
POS	_pos_ngram_PR_V_V	1.002219511102427	
POS	_pos_ngram_V_PUNC	1.0022904278803486	
POS	_pos_ngram_V_ADV_V	1.0026088199409586	
POS	_pos_ngram_PP_ART_NN	1.0027210878680388	
POS	_pos_ngram_PUNC_PR_V	1.0028316054461381	
POS	_pos_ngram_NN_NN	1.0030057114810835	
POS	_pos_ngram_PR_NN	1.0030757588330568	
POS	_pos_ngram_PUNC_PR	1.0032271430940658	
POS	_pos_ngram_PP_NN	1.0034595068458168	
